AudioCollection,ID_Audio_Specimen,ID_note,Clade,Specie,elevation,elevationfilter,length beak,peak Frequency,minimum Frequency,maximum Frequency,duration,note duration,habitat ,bodyMass
Xeno-canto,XC260507,1,Brilliants,Ensifera ensifera,2550,2809,80,8527.148,6459.961,8613.281,1.943,0.0696,Bosque Andino,11.2
Xeno-canto,XC260507,2,Brilliants,Ensifera ensifera,2550,2809,80,8096.484,6373.828,8354.883,3.015,0.0752,Bosque Andino,11.2
Xeno-canto,XC260507,3,Brilliants,Ensifera ensifera,2550,2809,80,7838.086,7235.156,8354.883,12.499,0.0658,Bosque Andino,11.2
Xeno-canto,XC148351,1,Brilliants,Ensifera ensifera,2900,2809,80,7235.156,6287.695,8871.68,63.354,0.0367,Bosque Andino,11.2
Xeno-canto,XC148351,2,Brilliants,Ensifera ensifera,2900,2809,80,8354.883,6373.828,8441.016,63.476,0.0527,Bosque Andino,11.2
Xeno-canto,XC148351,3,Brilliants,Ensifera ensifera,2900,2809,80,8182.617,6287.695,8268.75,63.855,0.0616,Bosque Andino,11.2
Xeno-canto,XC583112,1,Brilliants,Ensifera ensifera,2600,2809,80,7125,6468.75,8343.75,3.247,0.0576,Bosque Andino,11.2
Xeno-canto,XC583112,2,Brilliants,Ensifera ensifera,2600,2809,80,7312.5,6375,8062.5,6.697,0.0407,Bosque Andino,11.2
Xeno-canto,XC583112,3,Brilliants,Ensifera ensifera,2600,2809,80,6281.25,5250,7968.75,8.293,0.0237,Bosque Andino,11.2
Xeno-canto,XC250817,1,Brilliants,Ensifera ensifera,3500,2809,80,7235.156,2583.984,7665.82,1.795,0.0167,Bosque Andino,11.2
Xeno-canto,XC250817,2,Brilliants,Ensifera ensifera,3500,2809,80,5770.898,2239.453,6890.625,2.223,0.0269,Bosque Andino,11.2
Xeno-canto,XC250817,3,Brilliants,Ensifera ensifera,3500,2809,80,3789.844,1981.055,6459.961,2.673,0.0125,Bosque Andino,11.2
Xeno-canto,XC154231,1,Brilliants,Ensifera ensifera,2900,2809,80,7321.289,6890.625,8613.281,3.352,0.0185,Bosque Andino,11.2
Xeno-canto,XC154231,2,Brilliants,Ensifera ensifera,2900,2809,80,8699.414,7321.289,14728.711,3.941,0.0221,Bosque Andino,11.2
Xeno-canto,XC154231,3,Brilliants,Ensifera ensifera,2900,2809,80,8613.281,7838.086,8785.547,19.405,0.0221,Bosque Andino,11.2
Xeno-canto,XC17326,1,Brilliants,Ensifera ensifera,1600,2809,80,8156.25,7125,9000,2.815,0.0216,Bosque Andino,11.2
Xeno-canto,XC17326,2,Brilliants,Ensifera ensifera,1600,2809,80,7500,6937.5,9000,3.128,0.0239,Bosque Andino,11.2
Xeno-canto,XC17326,3,Brilliants,Ensifera ensifera,1600,2809,80,8343.75,7312.5,9000,4.927,0.0142,Bosque Andino,11.2
Xeno-canto,XC15102,1,Brilliants,Ensifera ensifera,3400,2809,80,8500,6250,8562.5,0.918,0.0235,Bosque Andino,11.2
Xeno-canto,XC15102,2,Brilliants,Ensifera ensifera,3400,2809,80,8500,6375,8562.5,3.138,0.0365,Bosque Andino,11.2
Xeno-canto,XC15102,3,Brilliants,Ensifera ensifera,3400,2809,80,8562.5,6687.5,8625,4.159,0.0274,Bosque Andino,11.2
Xeno-canto,XC78585,1,Brilliants,Ensifera ensifera,2200,2809,80,9468.75,6000,9562.5,0.865,0.0251,Bosque Andino,11.2
Xeno-canto,XC78585,2,Brilliants,Ensifera ensifera,2200,2809,80,9656.25,7406.25,9750,2.416,0.0268,Bosque Andino,11.2
Xeno-canto,XC78585,3,Brilliants,Ensifera ensifera,2200,2809,80,8906.25,7031.25,9187.5,3.883,0.0284,Bosque Andino,11.2
Xeno-canto,XC578584,1,Brilliants,Ensifera ensifera,2200,2809,80,9093.75,8437.5,9468.75,0.274,0.0308,Bosque Andino,11.2
Xeno-canto,XC578584,2,Brilliants,Ensifera ensifera,2200,2809,80,9468.75,7125,9562.5,1.73,0.0293,Bosque Andino,11.2
Xeno-canto,XC578584,3,Brilliants,Ensifera ensifera,2200,2809,80,8906.25,6937.5,9000,3.398,0.0284,Bosque Andino,11.2
Xeno-canto,XC273495,1,Brilliants,Ensifera ensifera,3150,2809,80,6287.695,5770.898,6373.828,1.419,0.1462,Bosque Andino,11.2
Xeno-canto,XC273495,2,Brilliants,Ensifera ensifera,3150,2809,80,6373.828,5857.031,6459.961,7.618,0.1193,Bosque Andino,11.2
Xeno-canto,XC273495,3,Brilliants,Ensifera ensifera,3150,2809,80,6373.828,6115.43,6459.961,9.884,0.127,Bosque Andino,11.2
Xeno-canto,XC513948,1,Brilliants,Heliomaster longirostris,260,464,31,4651.172,3359.18,9388.477,1.387,0.032,Bosque Andino,6.6
Xeno-canto,XC513948,2,Brilliants,Heliomaster longirostris,260,464,31,4478.906,3445.312,8785.547,2.078,0.0358,Bosque Andino,6.6
Xeno-canto,XC513948,3,Brilliants,Heliomaster longirostris,260,464,31,4392.773,3531.445,8613.281,2.702,0.0404,Bosque Andino,6.6
Xeno-canto,XC493184,1,Brilliants,Heliomaster longirostris,260,464,31,5254.102,4737.305,5340.234,5.957,0.3325,Bosque Andino,6.6
Xeno-canto,XC493184,2,Brilliants,Heliomaster longirostris,260,464,31,5254.102,4823.438,5340.234,8.901,0.304,Bosque Andino,6.6
Xeno-canto,XC493184,3,Brilliants,Heliomaster longirostris,260,464,31,4995.703,4823.438,5340.234,11.419,0.2559,Bosque Andino,6.6
Xeno-canto,XC469149,1,Brilliants,Heliomaster longirostris,700,464,31,5156.25,4875,5625,5.969,0.1763,Bosque Andino,6.6
Xeno-canto,XC469149,2,Brilliants,Heliomaster longirostris,700,464,31,5343.75,4875,5625,7.838,0.1461,Bosque Andino,6.6
Xeno-canto,XC469149,3,Brilliants,Heliomaster longirostris,700,464,31,5343.75,4875,5625,10.015,0.2015,Bosque Andino,6.6
Xeno-canto,XC428436,1,Brilliants,Heliomaster longirostris,220,464,31,5254.102,4737.305,5254.102,3.338,0.2458,Bosque Andino,6.6
Xeno-canto,XC428436,2,Brilliants,Heliomaster longirostris,220,464,31,5254.102,4737.305,5254.102,6.233,0.3016,Bosque Andino,6.6
Xeno-canto,XC428436,3,Brilliants,Heliomaster longirostris,220,464,31,5254.102,4823.438,5254.102,8.304,0.3016,Bosque Andino,6.6
Xeno-canto,XC427439,1,Brilliants,Heliomaster longirostris,330,464,31,4593.75,4218.75,9281.25,2.218,0.1213,Bosque Andino,6.6
Xeno-canto,XC427439,2,Brilliants,Heliomaster longirostris,330,464,31,4312.5,4125,8718.75,3.291,0.1029,Bosque Andino,6.6
Xeno-canto,XC427439,3,Brilliants,Heliomaster longirostris,330,464,31,4312.5,4031.25,8718.75,5.143,0.1073,Bosque Andino,6.6
Xeno-canto,XC427438,1,Brilliants,Heliomaster longirostris,330,464,31,4687.5,4125,8531.25,5.042,0.1141,Bosque Andino,6.6
Xeno-canto,XC427438,2,Brilliants,Heliomaster longirostris,330,464,31,4687.5,4125,8718.75,7.084,0.1104,Bosque Andino,6.6
Xeno-canto,XC427438,3,Brilliants,Heliomaster longirostris,330,464,31,4687.5,4125,8812.5,8.953,0.1177,Bosque Andino,6.6
Xeno-canto,XC260534,1,Brilliants,Heliomaster longirostris,460,464,31,9388.477,4478.906,9474.609,1.994,0.0865,Bosque Andino,6.6
Xeno-canto,XC260534,2,Brilliants,Heliomaster longirostris,460,464,31,4909.57,4651.172,9819.141,3.933,0.1248,Bosque Andino,6.6
Xeno-canto,XC260534,3,Brilliants,Heliomaster longirostris,460,464,31,4651.172,4392.773,9560.742,6.289,0.1088,Bosque Andino,6.6
Xeno-canto,XC197771,1,Brilliants,Heliomaster longirostris,461,464,31,4781.25,4125,9093.75,2.772,0.0878,Bosque Andino,6.6
Xeno-canto,XC197771,2,Brilliants,Heliomaster longirostris,462,464,31,4781.25,4218.75,8906.25,4.157,0.0876,Bosque Andino,6.6
Xeno-canto,XC197771,3,Brilliants,Heliomaster longirostris,463,464,31,4781.25,4218.75,9093.75,6.852,0.0594,Bosque Andino,6.6
Xeno-canto,XC702587,1,Brilliants,Heliomaster longirostris,1600,464,31,4593.75,3937.5,7968.75,0.889,0.0617,Bosque Andino,6.6
Xeno-canto,XC702587,2,Brilliants,Heliomaster longirostris,1600,464,31,4593.75,3937.5,8812.5,1.602,0.0654,Bosque Andino,6.6
Xeno-canto,XC702587,3,Brilliants,Heliomaster longirostris,1600,464,31,4687.5,3843.75,8250,2.3,0.0634,Bosque Andino,6.6
Xeno-canto,XC257868,1,Brilliants,Heliomaster longirostris,10,464,31,4737.305,3703.711,9130.078,3.304,0.0397,Bosque Andino,6.6
Xeno-canto,XC257868,2,Brilliants,Heliomaster longirostris,10,464,31,4565.039,3875.977,8441.016,5.425,0.0494,Bosque Andino,6.6
Xeno-canto,XC257868,3,Brilliants,Heliomaster longirostris,10,464,31,4478.906,3445.312,7838.086,7.537,0.0376,Bosque Andino,6.6
Xeno-canto,XC237918,1,Brilliants,Aglaeactis cupripennis,3150,3268,19,9043.945,7235.156,9130.078,2.986,0.0398,Alta Montaña,7.6
Xeno-canto,XC237918,2,Brilliants,Aglaeactis cupripennis,3150,3268,19,8613.281,7493.555,9302.344,3.716,0.0413,Alta Montaña,7.6
Xeno-canto,XC237918,3,Brilliants,Aglaeactis cupripennis,3150,3268,19,9043.945,6804.492,9388.477,4.538,0.0398,Alta Montaña,7.6
Xeno-canto,XC148369,1,Brilliants,Aglaeactis cupripennis,2900,3268,19,7838.086,3875.977,8182.617,57.93,0.0454,Alta Montaña,7.6
Xeno-canto,XC148369,2,Brilliants,Aglaeactis cupripennis,2900,3268,19,5426.367,4737.305,8010.352,58.212,0.0376,Alta Montaña,7.6
Xeno-canto,XC148369,3,Brilliants,Aglaeactis cupripennis,2900,3268,19,7493.555,4048.242,9302.344,58.746,0.0442,Alta Montaña,7.6
Xeno-canto,XC443287,1,Brilliants,Aglaeactis cupripennis,3600,3268,19,7593.75,5625,10781.25,2.459,0.054,Alta Montaña,7.6
Xeno-canto,XC443287,2,Brilliants,Aglaeactis cupripennis,3600,3268,19,8531.25,6375,8625,3.169,0.0701,Alta Montaña,7.6
Xeno-canto,XC443287,3,Brilliants,Aglaeactis cupripennis,3600,3268,19,8250,6187.5,8343.75,3.982,0.0822,Alta Montaña,7.6
Xeno-canto,XC432100,1,Brilliants,Aglaeactis cupripennis,3500,3268,19,6459.961,4651.172,6976.758,20.543,0.18,Alta Montaña,7.6
Xeno-canto,XC432100,2,Brilliants,Aglaeactis cupripennis,3500,3268,19,6632.227,4220.508,6718.359,21.405,0.1913,Alta Montaña,7.6
Xeno-canto,XC432100,3,Brilliants,Aglaeactis cupripennis,3500,3268,19,6373.828,4392.773,6546.094,21.957,0.1784,Alta Montaña,7.6
Xeno-canto,XC237919,1,Brilliants,Aglaeactis cupripennis,3300,3268,19,7751.953,5684.766,7924.219,3.759,0.0245,Alta Montaña,7.6
Xeno-canto,XC237919,2,Brilliants,Aglaeactis cupripennis,3300,3268,19,6804.492,4995.703,8699.414,4.107,0.0199,Alta Montaña,7.6
Xeno-canto,XC237919,3,Brilliants,Aglaeactis cupripennis,3300,3268,19,6201.562,3962.109,8010.352,5.408,0.0227,Alta Montaña,7.6
Xeno-canto,XC152894,1,Brilliants,Aglaeactis cupripennis,3300,3268,19,8527.148,8268.75,9043.945,0.79,0.0267,Alta Montaña,7.6
Xeno-canto,XC152894,2,Brilliants,Aglaeactis cupripennis,3300,3268,19,8699.414,8441.016,8785.547,0.982,0.0286,Alta Montaña,7.6
Xeno-canto,XC152894,3,Brilliants,Aglaeactis cupripennis,3300,3268,19,8699.414,8441.016,8785.547,2.303,0.0217,Alta Montaña,7.6
Xeno-canto,XC148368,1,Brilliants,Aglaeactis cupripennis,2900,3268,19,5684.766,5081.836,6201.562,45.679,0.1802,Alta Montaña,7.6
Xeno-canto,XC148368,2,Brilliants,Aglaeactis cupripennis,2900,3268,19,4737.305,4651.172,6287.695,48.216,0.1324,Alta Montaña,7.6
Xeno-canto,XC148368,3,Brilliants,Aglaeactis cupripennis,2900,3268,19,3617.578,3617.578,5512.5,49.6,0.2074,Alta Montaña,7.6
Xeno-canto,XC53642,1,Brilliants,Aglaeactis cupripennis,3300,3268,19,6718.359,4048.242,6890.625,1.157,0.0419,Alta Montaña,7.6
Xeno-canto,XC53642,2,Brilliants,Aglaeactis cupripennis,3300,3268,19,5857.031,3186.914,7321.289,1.45,0.0427,Alta Montaña,7.6
Xeno-canto,XC17252,1,Brilliants,Aglaeactis cupripennis,3200,3268,19,7062.891,6804.492,7579.688,0.318,0.1882,Alta Montaña,7.6
Xeno-canto,XC17252,2,Brilliants,Aglaeactis cupripennis,3200,3268,19,6890.625,6718.359,7579.688,2.301,0.1925,Alta Montaña,7.6
Xeno-canto,XC17252,3,Brilliants,Aglaeactis cupripennis,3200,3268,19,7149.023,6890.625,8613.281,3.193,0.1677,Alta Montaña,7.6
Macaulay Library,ML204011571,1,Brilliants,Aglaeactis cupripennis,3600,3268,19,9130.078,9043.945,9905.273,8.724,0.1618,Alta Montaña,7.6
Macaulay Library,ML204011571,2,Brilliants,Aglaeactis cupripennis,3600,3268,19,9474.609,9216.211,10508.203,23.774,0.0968,Alta Montaña,7.6
Macaulay Library,ML204011571,3,Brilliants,Aglaeactis cupripennis,3600,3268,19,9130.078,9043.945,9388.477,24.821,0.0704,Alta Montaña,7.6
Xeno-canto,XC129242,1,Brilliants,Boissonneaua flavescens,2800,2530,17,8268.75,8268.75,13178.32,11.18,0.0395,Bosque Andino,8.2
Xeno-canto,XC129242,2,Brilliants,Boissonneaua flavescens,2800,2530,17,12747.656,7579.688,12833.789,11.751,0.0464,Bosque Andino,8.2
Xeno-canto,XC129242,3,Brilliants,Boissonneaua flavescens,2800,2530,17,7665.82,7493.555,10249.805,16.965,0.0387,Bosque Andino,8.2
Xeno-canto,XC117594,1,Brilliants,Boissonneaua flavescens,2880,2530,17,7407.422,6718.359,10508.203,3.029,0.0583,Bosque Andino,8.2
Xeno-canto,XC117594,2,Brilliants,Boissonneaua flavescens,2880,2530,17,8785.547,6804.492,10594.336,9.283,0.0583,Bosque Andino,8.2
Xeno-canto,XC117594,3,Brilliants,Boissonneaua flavescens,2880,2530,17,8699.414,6632.227,10335.938,16.909,0.0631,Bosque Andino,8.2
Xeno-canto,XC117492,1,Brilliants,Boissonneaua flavescens,3100,2530,17,8699.414,6718.359,11197.266,4.288,0.1146,Bosque Andino,8.2
Xeno-canto,XC117492,2,Brilliants,Boissonneaua flavescens,3100,2530,17,8613.281,6632.227,11111.133,7.008,0.131,Bosque Andino,8.2
Xeno-canto,XC117492,3,Brilliants,Boissonneaua flavescens,3100,2530,17,8699.414,6632.227,10852.734,9.496,0.1801,Bosque Andino,8.2
Xeno-canto,XC117490,1,Brilliants,Boissonneaua flavescens,3100,2530,17,8785.547,6976.758,11455.664,8.345,0.097,Bosque Andino,8.2
Xeno-canto,XC117490,2,Brilliants,Boissonneaua flavescens,3100,2530,17,8354.883,6804.492,10766.602,12.452,0.1216,Bosque Andino,8.2
Xeno-canto,XC117490,3,Brilliants,Boissonneaua flavescens,3100,2530,17,8613.281,6890.625,11025,16.88,0.0849,Bosque Andino,8.2
Xeno-canto,XC117198,1,Brilliants,Boissonneaua flavescens,2100,2530,17,9560.742,6890.625,10938.867,2.937,0.1453,Bosque Andino,8.2
Xeno-canto,XC117198,2,Brilliants,Boissonneaua flavescens,2100,2530,17,8354.883,7149.023,10335.938,5.886,0.1257,Bosque Andino,8.2
Xeno-canto,XC117198,3,Brilliants,Boissonneaua flavescens,2100,2530,17,9043.945,7321.289,11283.398,9.443,0.1651,Bosque Andino,8.2
Xeno-canto,XC528198,1,Brilliants,Boissonneaua flavescens,1900,2530,17,8699.414,8527.148,9043.945,1.657,0.0092,Bosque Andino,8.2
Xeno-canto,XC528198,2,Brilliants,Boissonneaua flavescens,1900,2530,17,9216.211,9130.078,9388.477,4.869,0.0132,Bosque Andino,8.2
Xeno-canto,XC528198,3,Brilliants,Boissonneaua flavescens,1900,2530,17,8785.547,8613.281,8871.68,8.574,0.01,Bosque Andino,8.2
Xeno-canto,XC373168,1,Brilliants,Boissonneaua flavescens,2200,2530,17,9733.008,7751.953,11455.664,2.009,0.0738,Bosque Andino,8.2
Xeno-canto,XC373168,2,Brilliants,Boissonneaua flavescens,2200,2530,17,9733.008,7751.953,11972.461,6.685,0.1085,Bosque Andino,8.2
Xeno-canto,XC273926,1,Brilliants,Boissonneaua flavescens,2600,2530,17,9474.609,6804.492,11025,2.631,0.0778,Bosque Andino,8.2
Xeno-canto,XC273926,2,Brilliants,Boissonneaua flavescens,2600,2530,17,10077.539,6718.359,11025,6.912,0.0963,Bosque Andino,8.2
Xeno-canto,XC273926,3,Brilliants,Boissonneaua flavescens,2600,2530,17,9043.945,6632.227,11025,11.497,0.0885,Bosque Andino,8.2
Xeno-canto,XC195461,1,Brilliants,Boissonneaua flavescens,2600,2530,17,7665.82,6632.227,8871.68,1.768,0.0374,Bosque Andino,8.2
Xeno-canto,XC195461,2,Brilliants,Boissonneaua flavescens,2600,2530,17,7062.891,6718.359,9043.945,7.87,0.04,Bosque Andino,8.2
Xeno-canto,XC195461,3,Brilliants,Boissonneaua flavescens,2600,2530,17,6976.758,6287.695,8871.68,16.976,0.0445,Bosque Andino,8.2
Xeno-canto,XC129248,1,Brilliants,Boissonneaua flavescens,2800,2530,17,6976.758,4909.57,7924.219,23.155,0.0384,Bosque Andino,8.2
Xeno-canto,XC129248,2,Brilliants,Boissonneaua flavescens,2800,2530,17,7149.023,4737.305,8441.016,23.436,0.0384,Bosque Andino,8.2
Xeno-canto,XC129248,3,Brilliants,Boissonneaua flavescens,2800,2530,17,6546.094,4737.305,8010.352,23.79,0.0361,Bosque Andino,8.2
Xeno-canto,XC86286,1,Brilliants,Coeligena helianthea,2500,2693,29,5770.898,2842.383,8010.352,0.247,0.0395,Bosque Andino,6.6
Xeno-canto,XC86286,2,Brilliants,Coeligena helianthea,2500,2693,29,7149.023,3531.445,7665.82,1.29,0.0329,Bosque Andino,6.6
Xeno-canto,XC86286,3,Brilliants,Coeligena helianthea,2500,2693,29,5857.031,3703.711,8182.617,1.505,0.0405,Bosque Andino,6.6
Xeno-canto,XC92746,1,Brilliants,Coeligena helianthea,3000,2693,29,6115.43,3445.312,8785.547,9.193,0.0341,Bosque Andino,6.6
Xeno-canto,XC92746,2,Brilliants,Coeligena helianthea,3000,2693,29,7924.219,3703.711,8096.484,2.765,0.0319,Bosque Andino,6.6
Xeno-canto,XC92745,1,Brilliants,Coeligena helianthea,3000,2693,29,6201.562,2756.25,8527.148,0.989,0.0412,Bosque Andino,6.6
Xeno-canto,XC92745,2,Brilliants,Coeligena helianthea,3000,2693,29,7579.688,2842.383,8871.68,2.286,0.0393,Bosque Andino,6.6
Xeno-canto,XC92745,3,Brilliants,Coeligena helianthea,3000,2693,29,5857.031,3359.18,8441.016,4.028,0.0317,Bosque Andino,6.6
Xeno-canto,XC94507,1,Brilliants,Coeligena prunellei,2000,2115,27,7407.422,1894.922,8871.68,2.325,0.0231,Bosque Andino,7
Xeno-canto,XC94507,2,Brilliants,Coeligena prunellei,2000,2115,27,5254.102,2670.117,10249.805,2.384,0.022,Bosque Andino,7
Xeno-canto,XC94507,3,Brilliants,Coeligena prunellei,2000,2115,27,7407.422,3445.312,9302.344,2.957,0.0197,Bosque Andino,7
Xeno-canto,XC18362,1,Brilliants,Coeligena prunellei,2500,2115,27,6718.359,4737.305,9819.141,0.39,0.0375,Bosque Andino,7
Xeno-canto,XC18362,2,Brilliants,Coeligena prunellei,2500,2115,27,6287.695,5167.969,9819.141,1.501,0.0419,Bosque Andino,7
Xeno-canto,XC18362,3,Brilliants,Coeligena prunellei,2500,2115,27,6373.828,4823.438,11886.328,2.353,0.0375,Bosque Andino,7
Xeno-canto,XC511252,1,Brilliants,Coeligena prunellei,2300,2115,27,5857.031,4909.57,10766.602,1.89,0.0535,Bosque Andino,7
Xeno-canto,XC511252,2,Brilliants,Coeligena prunellei,2300,2115,27,6373.828,5254.102,6718.359,6.078,0.0696,Bosque Andino,7
Xeno-canto,XC511252,3,Brilliants,Coeligena prunellei,2300,2115,27,6115.43,4478.906,8785.547,3.955,0.0619,Bosque Andino,7
Xeno-canto,XC273414,1,Brilliants,Coeligena prunellei,1900,2115,27,7493.555,5684.766,7579.688,6.635,0.0377,Bosque Andino,7
Xeno-canto,XC273414,2,Brilliants,Coeligena prunellei,1900,2115,27,6632.227,5340.234,7321.289,8.135,0.0332,Bosque Andino,7
Xeno-canto,XC273414,3,Brilliants,Coeligena prunellei,1900,2115,27,7321.289,5254.102,7407.422,8.277,0.0421,Bosque Andino,7
Xeno-canto,XC273413,1,Brilliants,Coeligena prunellei,1900,2115,27,6459.961,3789.844,11283.398,0.721,0.0213,Bosque Andino,7
Xeno-canto,XC273413,2,Brilliants,Coeligena prunellei,1900,2115,27,6459.961,3789.844,10766.602,1.046,0.0213,Bosque Andino,7
Xeno-canto,XC273413,3,Brilliants,Coeligena prunellei,1900,2115,27,6201.562,3703.711,11972.461,1.354,0.0233,Bosque Andino,7
Xeno-canto,XC94505,1,Brilliants,Coeligena prunellei,2000,2115,27,7321.289,3875.977,7493.555,1.625,0.0356,Bosque Andino,7
Xeno-canto,XC94505,2,Brilliants,Coeligena prunellei,2000,2115,27,6632.227,4651.172,7493.555,2.104,0.0433,Bosque Andino,7
Xeno-canto,XC94505,3,Brilliants,Coeligena prunellei,2000,2115,27,6976.758,4220.508,7665.82,2.617,0.0433,Bosque Andino,7
Xeno-canto,XC91765,1,Brilliants,Coeligena prunellei,2300,2115,27,5770.898,4995.703,8613.281,0.432,0.046,Bosque Andino,7
Xeno-canto,XC91765,2,Brilliants,Coeligena prunellei,2300,2115,27,6029.297,4995.703,7062.891,0.854,0.0537,Bosque Andino,7
Xeno-canto,XC91765,3,Brilliants,Coeligena prunellei,2300,2115,27,5857.031,4909.57,7665.82,1.892,0.0486,Bosque Andino,7
Xeno-canto,XC94506,1,Brilliants,Coeligena prunellei,2000,2115,27,6287.695,5081.836,8441.016,0.912,0.0227,Bosque Andino,7
Xeno-canto,XC94506,2,Brilliants,Coeligena prunellei,2000,2115,27,6804.492,4565.039,9388.477,1.204,0.0239,Bosque Andino,7
Xeno-canto,XC94506,3,Brilliants,Coeligena prunellei,2000,2115,27,6459.961,5512.5,11886.328,2.354,0.0328,Bosque Andino,7
Xeno-canto,XC91759,1,Brilliants,Coeligena prunellei,2300,2115,27,6632.227,5512.5,8268.75,0.717,0.0672,Bosque Andino,7
Xeno-canto,XC91759,2,Brilliants,Coeligena prunellei,2300,2115,27,5943.164,4995.703,8096.484,2.415,0.0762,Bosque Andino,7
Xeno-canto,XC91759,3,Brilliants,Coeligena prunellei,2300,2115,27,6373.828,4995.703,7407.422,7.286,0.0717,Bosque Andino,7
Macaulay Library,ML268827,1,Brilliants,Coeligena prunellei,1960,2115,27,6287.695,5167.969,10077.539,4.064,0.054,Bosque Andino,7
Macaulay Library,ML268827,2,Brilliants,Coeligena prunellei,1960,2115,27,6029.297,4392.773,11025,6.028,0.065,Bosque Andino,7
Macaulay Library,ML268827,3,Brilliants,Coeligena prunellei,1960,2115,27,6287.695,4823.438,11197.266,7.428,0.0546,Bosque Andino,7
Xeno-canto,XC148354,1,Brilliants,Coeligena bonapartei,2900,2815,29,5081.836,4737.305,5943.164,5.606,0.04548,Bosque Andino,6.5
Xeno-canto,XC148354,2,Brilliants,Coeligena bonapartei,2900,2815,29,5340.234,4823.438,5943.164,10.356,0.03964,Bosque Andino,6.5
Xeno-canto,XC148354,3,Brilliants,Coeligena bonapartei,2900,2815,29,5512.5,4651.172,5857.031,18.281,0.03927,Bosque Andino,6.5
Xeno-canto,XC147943,1,Brilliants,Coeligena bonapartei,2500,2815,29,6459.961,4478.906,9560.742,14.931,0.0163,Bosque Andino,6.5
Xeno-canto,XC147943,2,Brilliants,Coeligena bonapartei,2500,2815,29,5770.898,4478.906,9388.477,15.034,0.0168,Bosque Andino,6.5
Xeno-canto,XC147943,3,Brilliants,Coeligena bonapartei,2500,2815,29,6804.492,4134.375,9388.477,15.127,0.0178,Bosque Andino,6.5
Xeno-canto,XC148353,1,Brilliants,Coeligena bonapartei,2900,2815,29,7149.023,5512.5,9388.477,5.525,0.0297,Bosque Andino,6.5
Xeno-canto,XC148353,2,Brilliants,Coeligena bonapartei,2900,2815,29,6459.961,3617.578,8613.281,5.758,0.0339,Bosque Andino,6.5
Xeno-canto,XC148353,3,Brilliants,Coeligena bonapartei,2900,2815,29,5598.633,2928.516,8354.883,6.009,0.0359,Bosque Andino,6.5
Xeno-canto,XC148348,1,Brilliants,Coeligena bonapartei,2900,2815,29,7665.82,5684.766,9388.477,121.355,0.0771,Bosque Andino,6.5
Xeno-canto,XC148348,2,Brilliants,Coeligena bonapartei,2900,2815,29,7838.086,5943.164,9130.078,121.533,0.0891,Bosque Andino,6.5
Xeno-canto,XC148348,3,Brilliants,Coeligena bonapartei,2900,2815,29,8182.617,5770.898,9043.945,121.691,0.0758,Bosque Andino,6.5
Xeno-canto,XC11321,1,Brilliants,Coeligena bonapartei,2700,2815,29,8182.617,5857.031,8527.148,8.666,0.0157,Bosque Andino,6.5
Xeno-canto,XC11321,2,Brilliants,Coeligena bonapartei,2700,2815,29,7665.82,6115.43,8268.75,8.766,0.0133,Bosque Andino,6.5
Xeno-canto,XC11321,3,Brilliants,Coeligena bonapartei,2700,2815,29,7321.289,5167.969,8354.883,8.829,0.0193,Bosque Andino,6.5
Xeno-canto,XC12695,1,Brilliants,Coeligena bonapartei,2500,2815,29,8182.617,4048.242,9733.008,2.358,0.0187,Bosque Andino,6.5
Xeno-canto,XC12695,2,Brilliants,Coeligena bonapartei,2500,2815,29,6115.43,3359.18,9991.406,2.793,0.0204,Bosque Andino,6.5
Xeno-canto,XC12695,3,Brilliants,Coeligena bonapartei,2500,2815,29,7235.156,3875.977,9560.742,6.014,0.0186,Bosque Andino,6.5
Macaulay Library,ML260861,1,Brilliants,Coeligena bonapartei,2900,2815,29,7493.555,6890.625,8957.812,55.305,0.1193,Bosque Andino,6.5
Macaulay Library,ML260861,2,Brilliants,Coeligena bonapartei,2900,2815,29,6546.094,6201.562,8613.281,55.822,0.1492,Bosque Andino,6.5
Macaulay Library,ML260861,3,Brilliants,Coeligena bonapartei,2900,2815,29,6546.094,5857.031,8010.352,56.016,0.1044,Bosque Andino,6.5
Macaulay Library,ML260844,1,Brilliants,Coeligena bonapartei,2900,2815,29,2497.852,2497.852,4134.375,44.331,0.1658,Bosque Andino,6.5
Macaulay Library,ML260844,2,Brilliants,Coeligena bonapartei,2900,2815,29,3789.844,2583.984,4048.242,45.45,0.2072,Bosque Andino,6.5
Macaulay Library,ML260844,3,Brilliants,Coeligena bonapartei,2900,2815,29,4134.375,2239.453,4134.375,45.74,0.1948,Bosque Andino,6.5
Macaulay Library,ML260841,1,Brilliants,Coeligena bonapartei,2900,2815,29,7751.953,5770.898,9130.078,10.315,0.1016,Bosque Andino,6.5
Macaulay Library,ML260841,2,Brilliants,Coeligena bonapartei,2900,2815,29,7665.82,5943.164,9388.477,10.541,0.1072,Bosque Andino,6.5
Macaulay Library,ML260841,3,Brilliants,Coeligena bonapartei,2900,2815,29,7321.289,5770.898,8871.68,10.736,0.0959,Bosque Andino,6.5
Macaulay Library,ML260825,1,Brilliants,Coeligena bonapartei,2900,2815,29,6546.094,4565.039,9043.945,139.201,0.0399,Bosque Andino,6.5
Macaulay Library,ML260825,2,Brilliants,Coeligena bonapartei,2900,2815,29,5943.164,3014.648,8871.68,139.333,0.0386,Bosque Andino,6.5
Macaulay Library,ML260825,3,Brilliants,Coeligena bonapartei,2900,2815,29,5426.367,2756.25,8182.617,139.609,0.0399,Bosque Andino,6.5
Xeno-canto,XC117510,1,Brilliants,Coeligena coeligena,2250,2020,31,7407.422,7321.289,8182.617,2.274,0.3806,Bosque Andino,6.8
Xeno-canto,XC117510,2,Brilliants,Coeligena coeligena,2250,2020,31,7321.289,7235.156,8182.617,3.48,0.3806,Bosque Andino,6.8
Xeno-canto,XC117510,3,Brilliants,Coeligena coeligena,2250,2020,31,7321.289,7149.023,8182.617,5.084,0.3172,Bosque Andino,6.8
Xeno-canto,XC117902,1,Brilliants,Coeligena coeligena,2360,2020,31,7321.289,6029.297,8010.352,5.74,0.2135,Bosque Andino,6.8
Xeno-canto,XC117902,2,Brilliants,Coeligena coeligena,2360,2020,31,6546.094,5857.031,7321.289,6.039,0.1868,Bosque Andino,6.8
Xeno-canto,XC117902,3,Brilliants,Coeligena coeligena,2360,2020,31,7149.023,5943.164,8010.352,14.923,0.2295,Bosque Andino,6.8
Xeno-canto,XC117509,1,Brilliants,Coeligena coeligena,2250,2020,31,7321.289,7235.156,8268.75,2.173,0.2847,Bosque Andino,6.8
Xeno-canto,XC117509,2,Brilliants,Coeligena coeligena,2250,2020,31,7321.289,7235.156,8182.617,5.124,0.3254,Bosque Andino,6.8
Xeno-canto,XC117509,3,Brilliants,Coeligena coeligena,2250,2020,31,7321.289,7235.156,8182.617,5.7,0.3196,Bosque Andino,6.8
Xeno-canto,XC117537,1,Brilliants,Coeligena coeligena,2150,2020,31,7062.891,5598.633,7149.023,14.925,0.1659,Bosque Andino,6.8
Xeno-canto,XC117537,2,Brilliants,Coeligena coeligena,2150,2020,31,6029.297,5943.164,7407.422,15.723,0.2368,Bosque Andino,6.8
Xeno-canto,XC117537,3,Brilliants,Coeligena coeligena,2150,2020,31,5857.031,5598.633,7235.156,16.438,0.1854,Bosque Andino,6.8
Xeno-canto,XC541019,1,Brilliants,Coeligena coeligena,2300,2020,31,6632.227,6373.828,7838.086,1.258,0.1176,Bosque Andino,6.8
Xeno-canto,XC541019,2,Brilliants,Coeligena coeligena,2300,2020,31,6115.43,6029.297,7407.422,2.228,0.1463,Bosque Andino,6.8
Xeno-canto,XC541019,3,Brilliants,Coeligena coeligena,2300,2020,31,6632.227,6459.961,7579.688,6.318,0.1135,Bosque Andino,6.8
Xeno-canto,XC693429,1,Brilliants,Coeligena coeligena,610,2020,31,6187.5,5906.25,12375,1.607,0.0626,Bosque Andino,6.8
Xeno-canto,XC693429,2,Brilliants,Coeligena coeligena,610,2020,31,5906.25,5812.5,12281.25,2.787,0.0606,Bosque Andino,6.8
Xeno-canto,XC693429,3,Brilliants,Coeligena coeligena,610,2020,31,5812.5,5718.75,6562.5,3.752,0.0585,Bosque Andino,6.8
Xeno-canto,XC117203,1,Brilliants,Coeligena coeligena,2000,2020,31,7579.688,5857.031,7838.086,8.243,0.07203,Bosque Andino,6.8
Xeno-canto,XC117203,2,Brilliants,Coeligena coeligena,2000,2020,31,7579.688,5684.766,7751.953,13.988,0.06596,Bosque Andino,6.8
Xeno-canto,XC117203,3,Brilliants,Coeligena coeligena,2000,2020,31,7149.023,5770.898,7838.086,19.789,0.06769,Bosque Andino,6.8
Macaulay Library,ML257828,1,Brilliants,Coeligena coeligena,2250,2020,31,7321.289,7235.156,8268.75,5.498,0.2307,Bosque Andino,6.8
Macaulay Library,ML257828,2,Brilliants,Coeligena coeligena,2250,2020,31,7235.156,7235.156,8096.484,7.151,0.2435,Bosque Andino,6.8
Macaulay Library,ML257828,3,Brilliants,Coeligena coeligena,2250,2020,31,7235.156,7149.023,8096.484,8.933,0.2435,Bosque Andino,6.8
Macaulay Library,ML257791,1,Brilliants,Coeligena coeligena,2250,2020,31,7321.289,7235.156,8182.617,3.497,0.1859,Bosque Andino,6.8
Macaulay Library,ML257791,2,Brilliants,Coeligena coeligena,2250,2020,31,7321.289,7321.289,8096.484,5.287,0.2557,Bosque Andino,6.8
Macaulay Library,ML257791,3,Brilliants,Coeligena coeligena,2250,2020,31,7321.289,7235.156,8182.617,8.843,0.244,Bosque Andino,6.8
Macaulay Library,ML259056,1,Brilliants,Coeligena coeligena,2150,2020,31,7062.891,5684.766,7149.023,17.673,0.1015,Bosque Andino,6.8
Macaulay Library,ML259056,2,Brilliants,Coeligena coeligena,2150,2020,31,6029.297,5943.164,7407.422,18.438,0.1647,Bosque Andino,6.8
Macaulay Library,ML259056,3,Brilliants,Coeligena coeligena,2150,2020,31,5943.164,5598.633,7235.156,19.222,0.1675,Bosque Andino,6.8
Macaulay Library,ML265555,1,Brilliants,Coeligena coeligena,2250,2020,31,7924.219,7838.086,8957.812,32.045,0.064,Bosque Andino,6.8
Xeno-canto,XC117493,1,Brilliants,Coeligena lutetiae,3100,3133,31,6718.359,1550.391,6976.758,0.931,0.0633,Bosque Andino,7.3
Xeno-canto,XC117493,2,Brilliants,Coeligena lutetiae,3100,3133,31,1291.992,1205.859,7665.82,4.057,0.0861,Bosque Andino,7.3
Xeno-canto,XC117493,3,Brilliants,Coeligena lutetiae,3100,3133,31,4909.57,2325.586,8268.75,4.978,0.0829,Bosque Andino,7.3
Xeno-canto,XC117499,1,Brilliants,Coeligena lutetiae,3300,3133,31,5684.766,4651.172,5770.898,3.583,0.0772,Bosque Andino,7.3
Xeno-canto,XC117499,2,Brilliants,Coeligena lutetiae,3300,3133,31,5770.898,4823.438,5943.164,20.618,0.1159,Bosque Andino,7.3
Xeno-canto,XC117497,1,Brilliants,Coeligena lutetiae,3100,3133,31,6287.695,2583.984,6890.625,35.319,0.0725,Bosque Andino,7.3
Xeno-canto,XC117495,1,Brilliants,Coeligena lutetiae,3100,3133,31,1291.992,1205.859,6373.828,3.069,0.092,Bosque Andino,7.3
Xeno-canto,XC117495,2,Brilliants,Coeligena lutetiae,3100,3133,31,1291.992,1205.859,6976.758,3.945,0.092,Bosque Andino,7.3
Xeno-canto,XC117495,3,Brilliants,Coeligena lutetiae,3100,3133,31,4995.703,1205.859,6373.828,4.915,0.1045,Bosque Andino,7.3
Xeno-canto,XC117494,1,Brilliants,Coeligena lutetiae,3300,3133,31,6287.695,2583.984,7407.422,3.062,0.0776,Bosque Andino,7.3
Xeno-canto,XC117494,2,Brilliants,Coeligena lutetiae,3300,3133,31,6287.695,1378.125,6632.227,4.367,0.0713,Bosque Andino,7.3
Xeno-canto,XC117494,3,Brilliants,Coeligena lutetiae,3300,3133,31,6287.695,1894.922,6546.094,6.133,0.0738,Bosque Andino,7.3
Xeno-canto,XC117486,1,Brilliants,Coeligena lutetiae,3100,3133,31,6718.359,1378.125,8268.75,2.229,0.0743,Bosque Andino,7.3
Xeno-canto,XC117486,2,Brilliants,Coeligena lutetiae,3100,3133,31,8699.414,2497.852,8785.547,3.279,0.0599,Bosque Andino,7.3
Xeno-canto,XC117486,3,Brilliants,Coeligena lutetiae,3100,3133,31,6890.625,1894.922,7407.422,4.401,0.0682,Bosque Andino,7.3
Xeno-canto,XC53627,1,Brilliants,Coeligena lutetiae,3100,3133,31,6287.695,3875.977,7493.555,9.531,0.0932,Bosque Andino,7.3
Xeno-canto,XC53627,2,Brilliants,Coeligena lutetiae,3100,3133,31,6632.227,3962.109,7321.289,10.329,0.0919,Bosque Andino,7.3
Xeno-canto,XC376557,1,Brilliants,Coeligena lutetiae,3300,3133,31,6287.695,4823.438,7665.82,1.823,0.126,Bosque Andino,7.3
Xeno-canto,XC376557,2,Brilliants,Coeligena lutetiae,3300,3133,31,6115.43,2842.383,7493.555,3.435,0.105,Bosque Andino,7.3
Xeno-canto,XC376557,3,Brilliants,Coeligena lutetiae,3300,3133,31,6287.695,2497.852,7149.023,11.875,0.1232,Bosque Andino,7.3
Xeno-canto,XC117496,1,Brilliants,Coeligena lutetiae,3100,3133,31,4909.57,1378.125,7407.422,2.848,0.0837,Bosque Andino,7.3
Xeno-canto,XC117496,2,Brilliants,Coeligena lutetiae,3100,3133,31,5598.633,1291.992,7665.82,3.596,0.0803,Bosque Andino,7.3
Xeno-canto,XC117496,3,Brilliants,Coeligena lutetiae,3100,3133,31,5943.164,1205.859,7235.156,5.443,0.0803,Bosque Andino,7.3
Macaulay Library,ML257642,1,Brilliants,Coeligena lutetiae,3100,3133,31,6976.758,6287.695,8268.75,69.724,0.117,Bosque Andino,7.3
Macaulay Library,ML257642,2,Brilliants,Coeligena lutetiae,3100,3133,31,6976.758,6718.359,8096.484,73.279,0.1475,Bosque Andino,7.3
Macaulay Library,ML257642,3,Brilliants,Coeligena lutetiae,3100,3133,31,8182.617,8182.617,10852.734,74.707,0.1187,Bosque Andino,7.3
Xeno-canto,XC56383,1,Brilliants,Coeligena torquata,2300,2312,34,3703.711,1722.656,5167.969,6.055,0.0689,Bosque Andino,6.7
Xeno-canto,XC56383,2,Brilliants,Coeligena torquata,2300,2312,34,2153.32,1808.789,6201.562,6.152,0.0605,Bosque Andino,6.7
Xeno-canto,XC56383,3,Brilliants,Coeligena torquata,2300,2312,34,3617.578,1981.055,6287.695,6.441,0.0605,Bosque Andino,6.7
Xeno-canto,XC56381,1,Brilliants,Coeligena torquata,2300,2312,34,9474.609,7579.688,9474.609,0.387,0.1196,Bosque Andino,6.7
Xeno-canto,XC56381,2,Brilliants,Coeligena torquata,2300,2312,34,9216.211,8613.281,9474.609,5.109,0.1485,Bosque Andino,6.7
Xeno-canto,XC56381,3,Brilliants,Coeligena torquata,2300,2312,34,9560.742,8527.148,9560.742,10.615,0.1196,Bosque Andino,6.7
Xeno-canto,XC96228,1,Brilliants,Coeligena torquata,2100,2312,34,6373.828,4909.57,6718.359,9.041,0.2624,Bosque Andino,6.7
Xeno-canto,XC96228,2,Brilliants,Coeligena torquata,2100,2312,34,6115.43,4909.57,6890.625,9.54,0.2287,Bosque Andino,6.7
Xeno-canto,XC96228,3,Brilliants,Coeligena torquata,2100,2312,34,6201.562,5081.836,7062.891,9.814,0.2287,Bosque Andino,6.7
Xeno-canto,XC260506,1,Brilliants,Coeligena torquata,2300,2312,34,6890.625,6201.562,7579.688,1.86,0.029,Bosque Andino,6.7
Xeno-canto,XC260506,2,Brilliants,Coeligena torquata,2300,2312,34,7321.289,6287.695,7665.82,2.447,0.0341,Bosque Andino,6.7
Xeno-canto,XC260506,3,Brilliants,Coeligena torquata,2300,2312,34,8010.352,6115.43,8182.617,2.892,0.0205,Bosque Andino,6.7
Xeno-canto,XC260505,1,Brilliants,Coeligena torquata,2200,2312,34,7751.953,4220.508,10766.602,1.019,0.0535,Bosque Andino,6.7
Xeno-canto,XC260505,2,Brilliants,Coeligena torquata,2200,2312,34,7149.023,5598.633,10594.336,2.117,0.044,Bosque Andino,6.7
Xeno-canto,XC260505,3,Brilliants,Coeligena torquata,2200,2312,34,9388.477,6029.297,10335.938,2.685,0.0537,Bosque Andino,6.7
Xeno-canto,XC257835,1,Brilliants,Coeligena torquata,2200,2312,34,8785.547,4565.039,11972.461,0.928,0.1245,Bosque Andino,6.7
Xeno-canto,XC257835,2,Brilliants,Coeligena torquata,2200,2312,34,8785.547,4565.039,11714.062,5.043,0.1348,Bosque Andino,6.7
Xeno-canto,XC257835,3,Brilliants,Coeligena torquata,2200,2312,34,8785.547,4565.039,11627.93,8.944,0.1245,Bosque Andino,6.7
Xeno-canto,XC238159,1,Brilliants,Coeligena torquata,2430,2312,34,8957.812,6718.359,9733.008,0.52,0.0423,Bosque Andino,6.7
Xeno-canto,XC238159,2,Brilliants,Coeligena torquata,2430,2312,34,8268.75,5254.102,8613.281,0.784,0.0379,Bosque Andino,6.7
Xeno-canto,XC238159,3,Brilliants,Coeligena torquata,2430,2312,34,8010.352,6976.758,9819.141,1.385,0.0385,Bosque Andino,6.7
Xeno-canto,XC238158,1,Brilliants,Coeligena torquata,2450,2312,34,4909.57,4048.242,9302.344,4.144,0.0159,Bosque Andino,6.7
Xeno-canto,XC238158,2,Brilliants,Coeligena torquata,2450,2312,34,5340.234,4737.305,8871.68,4.241,0.0192,Bosque Andino,6.7
Xeno-canto,XC238158,3,Brilliants,Coeligena torquata,2450,2312,34,8699.414,7149.023,9646.875,9.221,0.0251,Bosque Andino,6.7
Xeno-canto,XC172273,1,Brilliants,Coeligena torquata,2400,2312,34,8343.75,6656.25,12281.25,3.472,0.1128,Bosque Andino,6.7
Xeno-canto,XC172273,2,Brilliants,Coeligena torquata,2400,2312,34,8343.75,6750,13031.25,3.993,0.0946,Bosque Andino,6.7
Xeno-canto,XC172273,3,Brilliants,Coeligena torquata,2400,2312,34,8812.5,6656.25,13312.5,4.56,0.1108,Bosque Andino,6.7
Macaulay Library,ML250166,1,Brilliants,Coeligena torquata,2000,2312,34,8785.547,7579.688,8957.812,13.126,0.0755,Bosque Andino,6.7
Macaulay Library,ML250166,2,Brilliants,Coeligena torquata,2000,2312,34,8096.484,6632.227,10594.336,13.234,0.0495,Bosque Andino,6.7
Macaulay Library,ML250166,3,Brilliants,Coeligena torquata,2000,2312,34,7751.953,5770.898,7838.086,13.972,0.0751,Bosque Andino,6.7
Xeno-canto,XC264479,1,Brilliants,Coeligena wilsoni,1800,1497,32,7493.555,7321.289,7838.086,4.103,0.3715,Bosque Andino,6.7
Xeno-canto,XC264479,2,Brilliants,Coeligena wilsoni,1800,1497,32,6976.758,6890.625,7665.82,5.171,0.3663,Bosque Andino,6.7
Xeno-canto,XC264479,3,Brilliants,Coeligena wilsoni,1800,1497,32,7062.891,6804.492,7665.82,12.495,0.4808,Bosque Andino,6.7
Xeno-canto,XC275268,1,Brilliants,Coeligena wilsoni,1100,1497,32,5684.766,5167.969,8957.812,1.802,0.1297,Bosque Andino,6.7
Xeno-canto,XC275268,2,Brilliants,Coeligena wilsoni,1100,1497,32,5943.164,5167.969,9043.945,2.585,0.0939,Bosque Andino,6.7
Xeno-canto,XC275268,3,Brilliants,Coeligena wilsoni,1100,1497,32,5770.898,5081.836,9302.344,3.323,0.0984,Bosque Andino,6.7
Xeno-canto,XC264478,1,Brilliants,Coeligena wilsoni,1400,1497,32,6459.961,5340.234,6546.094,2.753,0.0401,Bosque Andino,6.7
Xeno-canto,XC264478,2,Brilliants,Coeligena wilsoni,1400,1497,32,6459.961,5340.234,6546.094,3.094,0.0342,Bosque Andino,6.7
Xeno-canto,XC264478,3,Brilliants,Coeligena wilsoni,1400,1497,32,6287.695,5340.234,6459.961,3.506,0.0381,Bosque Andino,6.7
Xeno-canto,XC264477,1,Brilliants,Coeligena wilsoni,1400,1497,32,7924.219,6976.758,8010.352,3.598,0.1228,Bosque Andino,6.7
Xeno-canto,XC264477,2,Brilliants,Coeligena wilsoni,1400,1497,32,8096.484,7149.023,8182.617,10.258,0.1231,Bosque Andino,6.7
Xeno-canto,XC264477,3,Brilliants,Coeligena wilsoni,1400,1497,32,8096.484,6976.758,8268.75,18.679,0.1394,Bosque Andino,6.7
Xeno-canto,XC261759,1,Brilliants,Coeligena wilsoni,1700,1497,32,4909.57,4220.508,9043.945,4.018,0.0072,Bosque Andino,6.7
Xeno-canto,XC261759,2,Brilliants,Coeligena wilsoni,1700,1497,32,5081.836,4306.641,8527.148,4.149,0.0066,Bosque Andino,6.7
Xeno-canto,XC261759,3,Brilliants,Coeligena wilsoni,1700,1497,32,5770.898,4995.703,6632.227,4.285,0.0084,Bosque Andino,6.7
Xeno-canto,XC261758,1,Brilliants,Coeligena wilsoni,1700,1497,32,7665.82,7493.555,8096.484,2.546,0.1983,Bosque Andino,6.7
Xeno-canto,XC261758,2,Brilliants,Coeligena wilsoni,1700,1497,32,7665.82,7235.156,7838.086,9.612,0.1998,Bosque Andino,6.7
Xeno-canto,XC261758,3,Brilliants,Coeligena wilsoni,1700,1497,32,7665.82,7493.555,8096.484,14.978,0.2166,Bosque Andino,6.7
Xeno-canto,XC261757,1,Brilliants,Coeligena wilsoni,1750,1497,32,6804.492,6632.227,7665.82,5.334,0.323,Bosque Andino,6.7
Xeno-canto,XC261757,2,Brilliants,Coeligena wilsoni,1750,1497,32,7321.289,6546.094,7579.688,6.684,0.3859,Bosque Andino,6.7
Xeno-canto,XC261757,3,Brilliants,Coeligena wilsoni,1750,1497,32,6804.492,6632.227,7665.82,15.826,0.3414,Bosque Andino,6.7
Xeno-canto,XC261756,1,Brilliants,Coeligena wilsoni,1750,1497,32,7493.555,7321.289,8010.352,3.251,0.3605,Bosque Andino,6.7
Xeno-canto,XC261756,2,Brilliants,Coeligena wilsoni,1750,1497,32,7493.555,7321.289,8010.352,10.509,0.346,Bosque Andino,6.7
Xeno-canto,XC261756,3,Brilliants,Coeligena wilsoni,1750,1497,32,6976.758,6890.625,7235.156,11.706,0.3821,Bosque Andino,6.7
Xeno-canto,XC241324,1,Brilliants,Coeligena wilsoni,1350,1497,32,6562.5,5625,8343.75,2.543,0.0288,Bosque Andino,6.7
Xeno-canto,XC241324,2,Brilliants,Coeligena wilsoni,1350,1497,32,6281.25,5531.25,8250,3.069,0.0302,Bosque Andino,6.7
Xeno-canto,XC241324,3,Brilliants,Coeligena wilsoni,1350,1497,32,6562.5,5531.25,8156.25,3.745,0.0316,Bosque Andino,6.7
Xeno-canto,XC128749,1,Brilliants,Coeligena wilsoni,1500,1497,32,7321.289,7149.023,7665.82,2.338,0.1327,Bosque Andino,6.7
Xeno-canto,XC128749,2,Brilliants,Coeligena wilsoni,1500,1497,32,7321.289,7235.156,7579.688,3.674,0.1244,Bosque Andino,6.7
Xeno-canto,XC128749,3,Brilliants,Coeligena wilsoni,1500,1497,32,7321.289,7235.156,7665.82,6.261,0.141,Bosque Andino,6.7
Xeno-canto,XC357450,1,Brilliants,Eriocnemis cupreoventris,3000,2944,17,7149.023,5598.633,10766.602,1.288,0.1833,Bosque Andino,5.3
Xeno-canto,XC357450,2,Brilliants,Eriocnemis cupreoventris,3000,2944,17,7149.023,5598.633,10422.07,2.002,0.1833,Bosque Andino,5.3
Xeno-canto,XC357450,3,Brilliants,Eriocnemis cupreoventris,3000,2944,17,7321.289,5598.633,10422.07,2.711,0.1978,Bosque Andino,5.3
Xeno-canto,XC56044,1,Brilliants,Eriocnemis cupreoventris,3000,2944,17,4823.438,4823.438,7924.219,1.217,0.0902,Bosque Andino,5.3
Xeno-canto,XC56044,2,Brilliants,Eriocnemis cupreoventris,3000,2944,17,6976.758,4909.57,7838.086,2.104,0.0721,Bosque Andino,5.3
Xeno-canto,XC56044,3,Brilliants,Eriocnemis cupreoventris,3000,2944,17,4823.438,4823.438,7321.289,3.135,0.0812,Bosque Andino,5.3
Xeno-canto,XC585320,1,Brilliants,Eriocnemis cupreoventris,3250,2944,17,6373.828,5254.102,7407.422,0.41,0.1778,Bosque Andino,5.3
Xeno-canto,XC585320,2,Brilliants,Eriocnemis cupreoventris,3250,2944,17,5857.031,5340.234,7579.688,1.755,0.2147,Bosque Andino,5.3
Xeno-canto,XC585320,3,Brilliants,Eriocnemis cupreoventris,3250,2944,17,5770.898,5340.234,7407.422,3.728,0.1958,Bosque Andino,5.3
Xeno-canto,XC24093,1,Brilliants,Eriocnemis cupreoventris,2800,2944,17,7579.688,4995.703,10766.602,0.571,0.0771,Bosque Andino,5.3
Xeno-canto,XC24093,2,Brilliants,Eriocnemis cupreoventris,2800,2944,17,9560.742,4909.57,11025,2.125,0.0771,Bosque Andino,5.3
Xeno-canto,XC24093,3,Brilliants,Eriocnemis cupreoventris,2800,2944,17,4823.438,4823.438,10938.867,3.54,0.0816,Bosque Andino,5.3
Xeno-canto,XC149506,1,Brilliants,Eriocnemis cupreoventris,2600,2944,17,6115.43,5167.969,8354.883,2.41,0.2049,Bosque Andino,5.3
Xeno-canto,XC149506,2,Brilliants,Eriocnemis cupreoventris,2600,2944,17,6029.297,5081.836,8182.617,3.287,0.2008,Bosque Andino,5.3
Xeno-canto,XC149506,3,Brilliants,Eriocnemis cupreoventris,2600,2944,17,6287.695,4995.703,7838.086,4.91,0.1639,Bosque Andino,5.3
Macaulay Library,ML416567381,1,Brilliants,Eriocnemis cupreoventris,3250,2944,17,5254.102,4478.906,7062.891,1.297,0.0486,Bosque Andino,5.3
Macaulay Library,ML416567381,2,Brilliants,Eriocnemis cupreoventris,3250,2944,17,5254.102,4220.508,6287.695,2.119,0.0542,Bosque Andino,5.3
Macaulay Library,ML416567381,3,Brilliants,Eriocnemis cupreoventris,3250,2944,17,4306.641,4134.375,6804.492,3,0.0505,Bosque Andino,5.3
Macaulay Library,ML267172,1,Brilliants,Eriocnemis cupreoventris,3400,2944,17,6890.625,3273.047,8182.617,3.556,0.0201,Bosque Andino,5.3
Macaulay Library,ML267172,2,Brilliants,Eriocnemis cupreoventris,3400,2944,17,6718.359,3100.781,8096.484,3.841,0.018,Bosque Andino,5.3
Macaulay Library,ML267172,3,Brilliants,Eriocnemis cupreoventris,3400,2944,17,6287.695,2928.516,7924.219,4.103,0.0218,Bosque Andino,5.3
Xeno-canto,XC115397,1,Brilliants,Eriocnemis mosquera,3500,3495,18,8718.75,8718.75,10406.25,2.188,0.2212,Bosque Andino,6.3
Xeno-canto,XC115397,2,Brilliants,Eriocnemis mosquera,3500,3495,18,8906.25,8718.75,10312.5,2.955,0.226,Bosque Andino,6.3
Xeno-canto,XC115397,3,Brilliants,Eriocnemis mosquera,3500,3495,18,9093.75,8625,10500,3.684,0.1594,Bosque Andino,6.3
Macaulay Library,ML138999,1,Brilliants,Eriocnemis mosquera,3500,3495,18,7875,4312.5,8437.5,10.295,0.3535,Bosque Andino,6.3
Macaulay Library,ML138999,2,Brilliants,Eriocnemis mosquera,3500,3495,18,7312.5,4125,7875,12.986,0.4472,Bosque Andino,6.3
Macaulay Library,ML138999,3,Brilliants,Eriocnemis mosquera,3500,3495,18,7687.5,4125,7875,15.58,0.5104,Bosque Andino,6.3
Macaulay Library,ML138996,1,Brilliants,Eriocnemis mosquera,3500,3495,18,4875,1125,7500,13.94,0.0516,Bosque Andino,6.3
Macaulay Library,ML138996,2,Brilliants,Eriocnemis mosquera,3500,3495,18,6000,1125,7500,15.02,0.0573,Bosque Andino,6.3
Macaulay Library,ML138996,3,Brilliants,Eriocnemis mosquera,3500,3495,18,7312.5,1125,7875,16.204,0.0516,Bosque Andino,6.3
Macaulay Library,ML25744901,1,Brilliants,Eriocnemis mosquera,3500,3495,18,6562.5,4500,8250,5.587,0.351,Bosque Andino,6.3
Macaulay Library,ML25744901,2,Brilliants,Eriocnemis mosquera,3500,3495,18,6562.5,4875,8437.5,8.073,0.3226,Bosque Andino,6.3
Macaulay Library,ML25744901,3,Brilliants,Eriocnemis mosquera,3500,3495,18,6562.5,5062.5,8250,11.194,0.2846,Bosque Andino,6.3
Xeno-canto,XC12113,1,Brilliants,Eriocnemis vestita,3200,2934,18,8250,4875,11062.5,1.058,0.0694,Bosque Andino,4.5
Xeno-canto,XC12113,2,Brilliants,Eriocnemis vestita,3200,2934,18,5250,5250,11156.25,9.857,0.0718,Bosque Andino,4.5
Xeno-canto,XC12113,3,Brilliants,Eriocnemis vestita,3200,2934,18,7781.25,5343.75,10406.25,12.306,0.067,Bosque Andino,4.5
Xeno-canto,XC533146,1,Brilliants,Eriocnemis vestita,2700,2934,18,7062.891,5167.969,10594.336,1.125,0.0705,Bosque Andino,4.5
Xeno-canto,XC533146,2,Brilliants,Eriocnemis vestita,2700,2934,18,5167.969,5167.969,10852.734,3.087,0.0687,Bosque Andino,4.5
Xeno-canto,XC533146,3,Brilliants,Eriocnemis vestita,2700,2934,18,5512.5,5167.969,10852.734,5.334,0.0678,Bosque Andino,4.5
Xeno-canto,XC250828,1,Brilliants,Eriocnemis vestita,2650,2934,18,6115.43,6029.297,8268.75,8.872,0.0721,Bosque Andino,4.5
Xeno-canto,XC250828,2,Brilliants,Eriocnemis vestita,2650,2934,18,6632.227,6201.562,8354.883,12.131,0.0672,Bosque Andino,4.5
Xeno-canto,XC250828,3,Brilliants,Eriocnemis vestita,2650,2934,18,6804.492,5943.164,8010.352,14.39,0.0487,Bosque Andino,4.5
Xeno-canto,XC211064,1,Brilliants,Eriocnemis vestita,2650,2934,18,7493.555,6804.492,11111.133,47.754,0.0524,Bosque Andino,4.5
Xeno-canto,XC211064,2,Brilliants,Eriocnemis vestita,2650,2934,18,11111.133,6201.562,11111.133,47.956,0.0549,Bosque Andino,4.5
Xeno-canto,XC211064,3,Brilliants,Eriocnemis vestita,2650,2934,18,8527.148,5770.898,10508.203,48.167,0.0549,Bosque Andino,4.5
Xeno-canto,XC121114,1,Brilliants,Eriocnemis vestita,3200,2934,18,5906.25,4875,8812.5,4.004,0.061,Bosque Andino,4.5
Xeno-canto,XC121114,2,Brilliants,Eriocnemis vestita,3200,2934,18,5250,4875,9843.75,4.916,0.0662,Bosque Andino,4.5
Xeno-canto,XC121114,3,Brilliants,Eriocnemis vestita,3200,2934,18,4968.75,4875,10125,5.523,0.068,Bosque Andino,4.5
Xeno-canto,XC83045,1,Brilliants,Eriocnemis vestita,3050,2934,18,5857.031,4478.906,8957.812,8.593,0.0512,Bosque Andino,4.5
Xeno-canto,XC83045,2,Brilliants,Eriocnemis vestita,3050,2934,18,4306.641,4306.641,8957.812,10.288,0.0544,Bosque Andino,4.5
Xeno-canto,XC83045,3,Brilliants,Eriocnemis vestita,3050,2934,18,4565.039,4565.039,9560.742,11.92,0.0635,Bosque Andino,4.5
Macaulay Library,ML346055291,1,Brilliants,Eriocnemis vestita,3200,2934,18,5531.25,5437.5,10781.25,3.42,0.0663,Bosque Andino,4.5
Macaulay Library,ML346055291,2,Brilliants,Eriocnemis vestita,3200,2934,18,5625,5343.75,10781.25,4.152,0.0629,Bosque Andino,4.5
Macaulay Library,ML346055291,3,Brilliants,Eriocnemis vestita,3200,2934,18,5625,5250,10593.75,5.108,0.0617,Bosque Andino,4.5
Macaulay Library,ML335451721,1,Brilliants,Eriocnemis vestita,2655,2934,18,4687.5,4500,5718.75,48.268,0.0052,Bosque Andino,4.5
Macaulay Library,ML335451721,2,Brilliants,Eriocnemis vestita,2655,2934,18,4500,4312.5,5531.25,48.331,0.0058,Bosque Andino,4.5
Macaulay Library,ML335451721,3,Brilliants,Eriocnemis vestita,2655,2934,18,4406.25,3937.5,4781.25,48.395,0.0075,Bosque Andino,4.5
Macaulay Library,ML335010331,1,Brilliants,Eriocnemis vestita,2655,2934,18,5343.75,5250,8437.5,10.082,0.0654,Bosque Andino,4.5
Macaulay Library,ML335010331,2,Brilliants,Eriocnemis vestita,2655,2934,18,5343.75,5250,8812.5,12.014,0.057,Bosque Andino,4.5
Macaulay Library,ML335010331,3,Brilliants,Eriocnemis vestita,2655,2934,18,5531.25,5250,9093.75,13.823,0.0562,Bosque Andino,4.5
Macaulay Library,ML156960051,1,Brilliants,Eriocnemis vestita,3685,2934,18,9093.75,8437.5,9937.5,3.663,0.1325,Bosque Andino,4.5
Macaulay Library,ML156960051,2,Brilliants,Eriocnemis vestita,3685,2934,18,8625,8437.5,9656.25,4.194,0.1296,Bosque Andino,4.5
Macaulay Library,ML156960051,3,Brilliants,Eriocnemis vestita,3685,2934,18,8625,8437.5,9656.25,4.76,0.1138,Bosque Andino,4.5
Xeno-canto,XC130017,1,Brilliants,Haplophaedia aureliae,1800,1935,19,6546.094,4737.305,10852.734,4.469,0.04198,Bosque Andino,5.2
Xeno-canto,XC130017,2,Brilliants,Haplophaedia aureliae,1800,1935,19,6804.492,5426.367,10249.805,3.963,0.03951,Bosque Andino,5.2
Xeno-canto,XC130017,3,Brilliants,Haplophaedia aureliae,1800,1935,19,6804.492,2928.516,11025,3.321,0.04198,Bosque Andino,5.2
Xeno-canto,XC129834,1,Brilliants,Haplophaedia aureliae,1800,1935,19,5167.969,3962.109,6373.828,1.651,0.104,Bosque Andino,5.2
Xeno-canto,XC129834,2,Brilliants,Haplophaedia aureliae,1800,1935,19,4909.57,4134.375,6373.828,2.011,0.116,Bosque Andino,5.2
Xeno-canto,XC129834,3,Brilliants,Haplophaedia aureliae,1800,1935,19,4909.57,4220.508,6459.961,2.391,0.108,Bosque Andino,5.2
Xeno-canto,XC240085,1,Brilliants,Haplophaedia aureliae,1930,1935,19,8268.75,6373.828,11627.93,2.849,0.2162,Bosque Andino,5.2
Xeno-canto,XC240085,2,Brilliants,Haplophaedia aureliae,1930,1935,19,7924.219,6546.094,12661.523,3.816,0.2162,Bosque Andino,5.2
Xeno-canto,XC240085,3,Brilliants,Haplophaedia aureliae,1930,1935,19,8182.617,5943.164,10680.469,5.011,0.2417,Bosque Andino,5.2
Xeno-canto,XC240010,1,Brilliants,Haplophaedia aureliae,2000,1935,19,6890.625,3703.711,10938.867,16.113,0.1714,Bosque Andino,5.2
Xeno-canto,XC240010,2,Brilliants,Haplophaedia aureliae,2000,1935,19,3445.312,3445.312,10680.469,16.406,0.1786,Bosque Andino,5.2
Xeno-canto,XC240010,3,Brilliants,Haplophaedia aureliae,2000,1935,19,6976.758,4306.641,10680.469,17,0.1768,Bosque Andino,5.2
Xeno-canto,XC131195,1,Brilliants,Haplophaedia aureliae,1900,1935,19,6459.961,5684.766,10938.867,21.344,0.2604,Bosque Andino,5.2
Xeno-canto,XC131195,2,Brilliants,Haplophaedia aureliae,1900,1935,19,8613.281,5857.031,11111.133,23.127,0.2303,Bosque Andino,5.2
Xeno-canto,XC131195,3,Brilliants,Haplophaedia aureliae,1900,1935,19,7149.023,6029.297,10163.672,23.998,0.2303,Bosque Andino,5.2
Xeno-canto,XC130051,1,Brilliants,Haplophaedia aureliae,1800,1935,19,6890.625,5943.164,7924.219,2.013,0.1262,Bosque Andino,5.2
Xeno-canto,XC130051,2,Brilliants,Haplophaedia aureliae,1800,1935,19,6804.492,5770.898,7924.219,5.834,0.0951,Bosque Andino,5.2
Xeno-canto,XC130051,3,Brilliants,Haplophaedia aureliae,1800,1935,19,7579.688,4823.438,8182.617,8.616,0.0714,Bosque Andino,5.2
Xeno-canto,XC563888,1,Brilliants,Haplophaedia aureliae,2300,1935,19,7062.891,2928.516,8441.016,1.096,0.0792,Bosque Andino,5.2
Xeno-canto,XC563888,2,Brilliants,Haplophaedia aureliae,2300,1935,19,5598.633,3617.578,9216.211,1.313,0.0634,Bosque Andino,5.2
Xeno-canto,XC563888,3,Brilliants,Haplophaedia aureliae,2300,1935,19,6029.297,3875.977,8957.812,1.622,0.0634,Bosque Andino,5.2
Xeno-canto,XC95917,1,Brilliants,Haplophaedia aureliae,2100,1935,19,8268.75,5770.898,10594.336,0.716,0.1023,Bosque Andino,5.2
Xeno-canto,XC95917,2,Brilliants,Haplophaedia aureliae,2100,1935,19,6632.227,5598.633,10680.469,1.448,0.1119,Bosque Andino,5.2
Xeno-canto,XC95917,3,Brilliants,Haplophaedia aureliae,2100,1935,19,7062.891,5167.969,10852.734,2.644,0.1279,Bosque Andino,5.2
Xeno-canto,XC55285,1,Brilliants,Haplophaedia aureliae,1800,1935,19,6632.227,4220.508,8871.68,2.156,0.0597,Bosque Andino,5.2
Xeno-canto,XC55285,2,Brilliants,Haplophaedia aureliae,1800,1935,19,6546.094,4048.242,8613.281,3.586,0.0832,Bosque Andino,5.2
Xeno-canto,XC55285,3,Brilliants,Haplophaedia aureliae,1800,1935,19,6201.562,3273.047,8010.352,4.357,0.0723,Bosque Andino,5.2
Xeno-canto,XC11784,1,Brilliants,Haplophaedia aureliae,2115,1935,19,6632.227,4651.172,7579.688,8.49,0.1588,Bosque Andino,5.2
Xeno-canto,XC11784,2,Brilliants,Haplophaedia aureliae,2115,1935,19,6546.094,4823.438,7321.289,8.948,0.1646,Bosque Andino,5.2
Xeno-canto,XC11784,3,Brilliants,Haplophaedia aureliae,2115,1935,19,7149.023,4737.305,7493.555,10.83,0.1705,Bosque Andino,5.2
Xeno-canto,XC241508,1,Brilliants,Heliodoxa imperatrix,1100,1706,23,7149.023,5943.164,9733.008,2.39,0.0986,Bosque Andino,8.8
Xeno-canto,XC241508,2,Brilliants,Heliodoxa imperatrix,1100,1706,23,6546.094,5943.164,9216.211,4.689,0.0858,Bosque Andino,8.8
Xeno-canto,XC241508,3,Brilliants,Heliodoxa imperatrix,1100,1706,23,6804.492,5857.031,9130.078,7.04,0.0858,Bosque Andino,8.8
Xeno-canto,XC364164,1,Brilliants,Heliodoxa imperatrix,1800,1706,23,10500,9468.75,11531.25,3.402,0.1178,Bosque Andino,8.8
Xeno-canto,XC364164,2,Brilliants,Heliodoxa imperatrix,1800,1706,23,10312.5,8906.25,11531.25,3.949,0.099,Bosque Andino,8.8
Xeno-canto,XC364164,3,Brilliants,Heliodoxa imperatrix,1800,1706,23,10125,9187.5,11437.5,4.142,0.066,Bosque Andino,8.8
Xeno-canto,XC262882,1,Brilliants,Heliodoxa imperatrix,2205,1706,23,5770.898,5081.836,6976.758,8.464,0.2232,Bosque Andino,8.8
Xeno-canto,XC262882,2,Brilliants,Heliodoxa imperatrix,2205,1706,23,5857.031,5081.836,7235.156,12.954,0.1901,Bosque Andino,8.8
Xeno-canto,XC262882,3,Brilliants,Heliodoxa imperatrix,2205,1706,23,5684.766,5340.234,6976.758,16.74,0.2232,Bosque Andino,8.8
Xeno-canto,XC261752,1,Brilliants,Heliodoxa imperatrix,1750,1706,23,7321.289,6632.227,8613.281,3.988,0.1534,Bosque Andino,8.8
Xeno-canto,XC261752,2,Brilliants,Heliodoxa imperatrix,1750,1706,23,7321.289,6804.492,8785.547,4.431,0.1739,Bosque Andino,8.8
Xeno-canto,XC261752,3,Brilliants,Heliodoxa imperatrix,1750,1706,23,8354.883,6718.359,8871.68,4.909,0.1773,Bosque Andino,8.8
Xeno-canto,XC276067,1,Brilliants,Heliodoxa imperatrix,2205,1706,23,5684.766,5167.969,6890.625,2.479,0.0619,Bosque Andino,8.8
Xeno-canto,XC276067,2,Brilliants,Heliodoxa imperatrix,2205,1706,23,5598.633,5167.969,6976.758,6.596,0.0653,Bosque Andino,8.8
Xeno-canto,XC276067,3,Brilliants,Heliodoxa imperatrix,2205,1706,23,6115.43,5340.234,7579.688,9.768,0.0558,Bosque Andino,8.8
Xeno-canto,XC58601,1,Brilliants,Heliodoxa imperatrix,1900,1706,23,6937.5,5812.5,8625,1.65,0.155,Bosque Andino,8.8
Xeno-canto,XC58601,2,Brilliants,Heliodoxa imperatrix,1900,1706,23,6937.5,5812.5,8437.5,4.337,0.0956,Bosque Andino,8.8
Xeno-canto,XC88153,1,Brilliants,Heliodoxa imperatrix,1900,1706,23,7062.891,6804.492,8010.352,1.803,0.0905,Bosque Andino,8.8
Xeno-canto,XC58600,1,Brilliants,Heliodoxa imperatrix,1900,1706,23,5531.25,5250,7500,1.257,0.0163,Bosque Andino,8.8
Xeno-canto,XC58600,2,Brilliants,Heliodoxa imperatrix,1900,1706,23,6656.25,5625,11156.25,1.373,0.0141,Bosque Andino,8.8
Xeno-canto,XC58600,3,Brilliants,Heliodoxa imperatrix,1900,1706,23,6843.75,5343.75,7593.75,1.491,0.016,Bosque Andino,8.8
Xeno-canto,XC415210,1,Brilliants,Heliodoxa imperatrix,2100,1706,23,6546.094,4306.641,9130.078,3.378,0.0464,Bosque Andino,8.8
Xeno-canto,XC415210,2,Brilliants,Heliodoxa imperatrix,2100,1706,23,7235.156,5254.102,8613.281,5.547,0.0611,Bosque Andino,8.8
Xeno-canto,XC415210,3,Brilliants,Heliodoxa imperatrix,2100,1706,23,6546.094,5426.367,8010.352,8.028,0.0584,Bosque Andino,8.8
Xeno-canto,XC364165,1,Brilliants,Heliodoxa leadbeateri,1300,1382,19,3617.578,3359.18,3875.977,1.875,0.0932,Bosque Andino,7.4
Xeno-canto,XC364165,2,Brilliants,Heliodoxa leadbeateri,1300,1382,19,3617.578,3186.914,3789.844,4.044,0.0809,Bosque Andino,7.4
Xeno-canto,XC364165,3,Brilliants,Heliodoxa leadbeateri,1300,1382,19,3617.578,2928.516,3789.844,6.264,0.1049,Bosque Andino,7.4
Xeno-canto,XC260493,1,Brilliants,Heliodoxa leadbeateri,1400,1382,19,3014.648,1464.258,5943.164,2.693,0.2117,Bosque Andino,7.4
Xeno-canto,XC260493,2,Brilliants,Heliodoxa leadbeateri,1400,1382,19,3359.18,2670.117,4737.305,5.406,0.1919,Bosque Andino,7.4
Xeno-canto,XC260493,3,Brilliants,Heliodoxa leadbeateri,1400,1382,19,3445.312,2670.117,6029.297,8.164,0.1323,Bosque Andino,7.4
Xeno-canto,XC238365,1,Brilliants,Heliodoxa leadbeateri,1000,1382,19,3100.781,2756.25,4220.508,2.048,0.1013,Bosque Andino,7.4
Xeno-canto,XC238365,2,Brilliants,Heliodoxa leadbeateri,1000,1382,19,3186.914,2670.117,3617.578,4.514,0.0972,Bosque Andino,7.4
Xeno-canto,XC238365,3,Brilliants,Heliodoxa leadbeateri,1000,1382,19,3186.914,2756.25,4048.242,7.234,0.1095,Bosque Andino,7.4
Xeno-canto,XC120132,1,Brilliants,Heliodoxa leadbeateri,1000,1382,19,5250,4875,9750,2.779,0.1918,Bosque Andino,7.4
Xeno-canto,XC120132,2,Brilliants,Heliodoxa leadbeateri,1000,1382,19,5250,4875,5625,3.035,0.1432,Bosque Andino,7.4
Xeno-canto,XC120132,3,Brilliants,Heliodoxa leadbeateri,1000,1382,19,5343.75,4875,5437.5,3.312,0.1745,Bosque Andino,7.4
Xeno-canto,XC276070,1,Brilliants,Heliodoxa leadbeateri,1470,1382,19,3875.977,2842.383,3962.109,1.556,0.0983,Bosque Andino,7.4
Xeno-canto,XC276070,2,Brilliants,Heliodoxa leadbeateri,1470,1382,19,3875.977,3100.781,3962.109,3.458,0.0955,Bosque Andino,7.4
Xeno-canto,XC276070,3,Brilliants,Heliodoxa leadbeateri,1470,1382,19,3875.977,3186.914,3962.109,5.311,0.1065,Bosque Andino,7.4
Xeno-canto,XC120135,1,Brilliants,Heliodoxa leadbeateri,1000,1382,19,4031.25,3750,4218.75,1.557,0.0746,Bosque Andino,7.4
Xeno-canto,XC120135,2,Brilliants,Heliodoxa leadbeateri,1000,1382,19,4125,3750,4218.75,3.597,0.0829,Bosque Andino,7.4
Xeno-canto,XC120135,3,Brilliants,Heliodoxa leadbeateri,1000,1382,19,4125,3562.5,4312.5,7.527,0.0817,Bosque Andino,7.4
Xeno-canto,XC9387,1,Brilliants,Heliodoxa leadbeateri,1440,1382,19,4048.242,3273.047,4134.375,1.206,0.0778,Bosque Andino,7.4
Xeno-canto,XC9387,2,Brilliants,Heliodoxa leadbeateri,1440,1382,19,4048.242,3531.445,4134.375,3.706,0.0872,Bosque Andino,7.4
Xeno-canto,XC9387,3,Brilliants,Heliodoxa leadbeateri,1440,1382,19,3962.109,3359.18,4048.242,5.363,0.0825,Bosque Andino,7.4
Xeno-canto,XC276071,1,Brilliants,Heliodoxa leadbeateri,1610,1382,19,3359.18,2928.516,4220.508,5.404,0.0271,Bosque Andino,7.4
Xeno-canto,XC276071,2,Brilliants,Heliodoxa leadbeateri,1610,1382,19,3445.312,2928.516,4220.508,5.465,0.0275,Bosque Andino,7.4
Xeno-canto,XC276071,3,Brilliants,Heliodoxa leadbeateri,1610,1382,19,3445.312,2928.516,4048.242,5.541,0.0275,Bosque Andino,7.4
Xeno-canto,XC257827,1,Brilliants,Heliodoxa leadbeateri,1275,1382,19,4478.906,4048.242,4565.039,4.313,0.3007,Bosque Andino,7.4
Xeno-canto,XC257827,2,Brilliants,Heliodoxa leadbeateri,1275,1382,19,4134.375,4048.242,4306.641,6.504,0.3179,Bosque Andino,7.4
Xeno-canto,XC257827,3,Brilliants,Heliodoxa leadbeateri,1275,1382,19,4392.773,3962.109,4478.906,8.521,0.275,Bosque Andino,7.4
Xeno-canto,XC209301,1,Brilliants,Heliodoxa leadbeateri,950,1382,19,4048.242,3703.711,4134.375,1.611,0.1045,Bosque Andino,7.4
Xeno-canto,XC209301,2,Brilliants,Heliodoxa leadbeateri,950,1382,19,3703.711,3531.445,3789.844,3.338,0.1094,Bosque Andino,7.4
Xeno-canto,XC209301,3,Brilliants,Heliodoxa leadbeateri,950,1382,19,3789.844,3617.578,6029.297,5.947,0.1691,Bosque Andino,7.4
Xeno-canto,XC574804,1,Brilliants,Heliodoxa rubinoides,1900,2051,20,5062.5,4593.75,7781.25,0.406,0.0417,Bosque Andino,7.8
Xeno-canto,XC574804,2,Brilliants,Heliodoxa rubinoides,1900,2051,20,4968.75,4500,7875,2.304,0.0422,Bosque Andino,7.8
Xeno-canto,XC574804,3,Brilliants,Heliodoxa rubinoides,1900,2051,20,4968.75,4500,7875,4.037,0.039,Bosque Andino,7.8
Xeno-canto,XC574803,1,Brilliants,Heliodoxa rubinoides,1900,2051,20,4781.25,4125,8343.75,1.347,0.045,Bosque Andino,7.8
Xeno-canto,XC574803,2,Brilliants,Heliodoxa rubinoides,1900,2051,20,6187.5,4406.25,8156.25,4.048,0.0492,Bosque Andino,7.8
Xeno-canto,XC574803,3,Brilliants,Heliodoxa rubinoides,1900,2051,20,6187.5,4218.75,8156.25,5.914,0.045,Bosque Andino,7.8
Xeno-canto,XC117841,1,Brilliants,Heliodoxa rubinoides,2115,2051,20,4737.305,4134.375,6804.492,2.542,0.0771,Bosque Andino,7.8
Xeno-canto,XC117841,2,Brilliants,Heliodoxa rubinoides,2115,2051,20,4565.039,4134.375,6890.625,4.933,0.0655,Bosque Andino,7.8
Xeno-canto,XC117841,3,Brilliants,Heliodoxa rubinoides,2115,2051,20,4737.305,4134.375,6976.758,8.473,0.0694,Bosque Andino,7.8
Xeno-canto,XC117852,1,Brilliants,Heliodoxa rubinoides,2679,2051,20,7493.555,3273.047,7579.688,15.489,0.0882,Bosque Andino,7.8
Xeno-canto,XC117852,2,Brilliants,Heliodoxa rubinoides,2679,2051,20,7493.555,3273.047,8010.352,15.919,0.091,Bosque Andino,7.8
Xeno-canto,XC117852,3,Brilliants,Heliodoxa rubinoides,2679,2051,20,8096.484,3617.578,8182.617,16.468,0.0995,Bosque Andino,7.8
Xeno-canto,XC117851,1,Brilliants,Heliodoxa rubinoides,2679,2051,20,5512.5,4392.773,9905.273,5.869,0.1076,Bosque Andino,7.8
Xeno-canto,XC117851,2,Brilliants,Heliodoxa rubinoides,2679,2051,20,5770.898,4220.508,8957.812,6.945,0.1407,Bosque Andino,7.8
Xeno-canto,XC117851,3,Brilliants,Heliodoxa rubinoides,2679,2051,20,6029.297,4565.039,9474.609,8.939,0.1324,Bosque Andino,7.8
Xeno-canto,XC117843,1,Brilliants,Heliodoxa rubinoides,2115,2051,20,8785.547,7407.422,9388.477,6.394,0.1224,Bosque Andino,7.8
Xeno-canto,XC117843,2,Brilliants,Heliodoxa rubinoides,2115,2051,20,7838.086,7579.688,9216.211,11.625,0.1022,Bosque Andino,7.8
Xeno-canto,XC117843,3,Brilliants,Heliodoxa rubinoides,2115,2051,20,8699.414,7838.086,9043.945,19.076,0.0797,Bosque Andino,7.8
Xeno-canto,XC117835,1,Brilliants,Heliodoxa rubinoides,2115,2051,20,5254.102,4306.641,7235.156,3.523,0.1151,Bosque Andino,7.8
Xeno-canto,XC117835,2,Brilliants,Heliodoxa rubinoides,2115,2051,20,5254.102,4306.641,7321.289,5.229,0.1007,Bosque Andino,7.8
Xeno-canto,XC117835,3,Brilliants,Heliodoxa rubinoides,2115,2051,20,5254.102,4306.641,7235.156,6.883,0.1055,Bosque Andino,7.8
Xeno-canto,XC339995,1,Brilliants,Heliodoxa rubinoides,1600,2051,20,9043.945,7924.219,11111.133,0.629,0.0699,Bosque Andino,7.8
Xeno-canto,XC339995,2,Brilliants,Heliodoxa rubinoides,1600,2051,20,11541.797,7924.219,11541.797,14.598,0.0699,Bosque Andino,7.8
Xeno-canto,XC339995,3,Brilliants,Heliodoxa rubinoides,1600,2051,20,9991.406,7665.82,11283.398,24.63,0.0787,Bosque Andino,7.8
Xeno-canto,XC164741,1,Brilliants,Heliodoxa rubinoides,1800,2051,20,4220.508,4048.242,7235.156,3.443,0.0966,Bosque Andino,7.8
Xeno-canto,XC164741,2,Brilliants,Heliodoxa rubinoides,1800,2051,20,4220.508,4048.242,7149.023,5.448,0.0913,Bosque Andino,7.8
Xeno-canto,XC164741,3,Brilliants,Heliodoxa rubinoides,1800,2051,20,4909.57,4134.375,7321.289,7.65,0.1156,Bosque Andino,7.8
Xeno-canto,XC573783,1,Brilliants,Heliodoxa rubinoides,1900,2051,20,6562.5,4593.75,8062.5,2.383,0.0672,Bosque Andino,7.8
Xeno-canto,XC573783,2,Brilliants,Heliodoxa rubinoides,1900,2051,20,7031.25,4593.75,8062.5,4.493,0.0682,Bosque Andino,7.8
Xeno-canto,XC573783,3,Brilliants,Heliodoxa rubinoides,1900,2051,20,7031.25,4593.75,8062.5,6.42,0.0785,Bosque Andino,7.8
Xeno-canto,XC235850,1,Brilliants,Lafresnaya lafresnayi,2175,2694,24,9216.211,8871.68,9474.609,2.236,0.1171,Bosque Andino,5.3
Xeno-canto,XC235850,2,Brilliants,Lafresnaya lafresnayi,2175,2694,24,9388.477,8527.148,9733.008,3.179,0.1618,Bosque Andino,5.3
Xeno-canto,XC235850,3,Brilliants,Lafresnaya lafresnayi,2175,2694,24,9388.477,8182.617,9388.477,4.406,0.1227,Bosque Andino,5.3
Xeno-canto,XC22475,1,Brilliants,Lafresnaya lafresnayi,2600,2694,24,7968.75,7218.75,8062.5,0.342,0.106,Bosque Andino,5.3
Xeno-canto,XC22475,2,Brilliants,Lafresnaya lafresnayi,2600,2694,24,7968.75,7125,8062.5,1.181,0.1014,Bosque Andino,5.3
Xeno-canto,XC22475,3,Brilliants,Lafresnaya lafresnayi,2600,2694,24,8156.25,7406.25,8437.5,1.889,0.1213,Bosque Andino,5.3
Xeno-canto,XC301271,1,Brilliants,Lafresnaya lafresnayi,2400,2694,24,8096.484,6804.492,8699.414,2.397,0.1627,Bosque Andino,5.3
Xeno-canto,XC301271,2,Brilliants,Lafresnaya lafresnayi,2400,2694,24,8010.352,7321.289,8699.414,4.018,0.1446,Bosque Andino,5.3
Xeno-canto,XC301271,3,Brilliants,Lafresnaya lafresnayi,2400,2694,24,7838.086,7149.023,13781.25,5.524,0.1386,Bosque Andino,5.3
Xeno-canto,XC57352,1,Brilliants,Lafresnaya lafresnayi,2850,2694,24,7924.219,6718.359,7924.219,0.458,0.0641,Bosque Andino,5.3
Xeno-canto,XC57352,2,Brilliants,Lafresnaya lafresnayi,2850,2694,24,6976.758,6632.227,8096.484,1.975,0.0629,Bosque Andino,5.3
Xeno-canto,XC57352,3,Brilliants,Lafresnaya lafresnayi,2850,2694,24,8354.883,6718.359,8441.016,12.276,0.0702,Bosque Andino,5.3
Xeno-canto,XC93876,1,Brilliants,Lafresnaya lafresnayi,2500,2694,24,8785.547,6976.758,8957.812,10.644,0.1503,Bosque Andino,5.3
Xeno-canto,XC93876,2,Brilliants,Lafresnaya lafresnayi,2500,2694,24,9216.211,7493.555,9302.344,13.35,0.1773,Bosque Andino,5.3
Xeno-canto,XC93876,3,Brilliants,Lafresnaya lafresnayi,2500,2694,24,8957.812,8010.352,9130.078,13.7,0.158,Bosque Andino,5.3
Xeno-canto,XC18092,1,Brilliants,Lafresnaya lafresnayi,2200,2694,24,9474.609,8441.016,9991.406,4.805,0.258,Bosque Andino,5.3
Xeno-canto,XC18092,2,Brilliants,Lafresnaya lafresnayi,2200,2694,24,9043.945,8010.352,9130.078,5.911,0.2432,Bosque Andino,5.3
Xeno-canto,XC18092,3,Brilliants,Lafresnaya lafresnayi,2200,2694,24,8957.812,7665.82,9043.945,7.075,0.2137,Bosque Andino,5.3
Xeno-canto,XC251033,1,Brilliants,Lafresnaya lafresnayi,2650,2694,24,5340.234,3703.711,6115.43,0.703,0.0419,Bosque Andino,5.3
Xeno-canto,XC251033,2,Brilliants,Lafresnaya lafresnayi,2650,2694,24,5254.102,3789.844,6546.094,1.21,0.04,Bosque Andino,5.3
Xeno-canto,XC251033,3,Brilliants,Lafresnaya lafresnayi,2650,2694,24,5426.367,3875.977,6201.562,1.842,0.0362,Bosque Andino,5.3
Xeno-canto,XC251032,1,Brilliants,Lafresnaya lafresnayi,3500,2694,24,8354.883,7493.555,10249.805,2.05,0.1864,Bosque Andino,5.3
Xeno-canto,XC251032,2,Brilliants,Lafresnaya lafresnayi,3500,2694,24,8182.617,8010.352,10335.938,2.951,0.2376,Bosque Andino,5.3
Xeno-canto,XC251032,3,Brilliants,Lafresnaya lafresnayi,3500,2694,24,8010.352,7751.953,9733.008,4.329,0.1974,Bosque Andino,5.3
Xeno-canto,XC37568,1,Brilliants,Lafresnaya lafresnayi,2200,2694,24,8613.281,8268.75,10680.469,1.105,0.1269,Bosque Andino,5.3
Xeno-canto,XC37568,2,Brilliants,Lafresnaya lafresnayi,2200,2694,24,8527.148,8354.883,10249.805,6.256,0.1146,Bosque Andino,5.3
Xeno-canto,XC37568,3,Brilliants,Lafresnaya lafresnayi,2200,2694,24,8699.414,8441.016,10680.469,8.552,0.1351,Bosque Andino,5.3
Xeno-canto,XC57353,1,Brilliants,Lafresnaya lafresnayi,2850,2694,24,8182.617,6976.758,8268.75,1.31,0.0954,Bosque Andino,5.3
Xeno-canto,XC57353,2,Brilliants,Lafresnaya lafresnayi,2850,2694,24,8268.75,6890.625,8354.883,2.634,0.0702,Bosque Andino,5.3
Xeno-canto,XC57353,3,Brilliants,Lafresnaya lafresnayi,2850,2694,24,8096.484,7062.891,8182.617,7.7,0.0887,Bosque Andino,5.3
Xeno-canto,XC525725,1,Brilliants,Ocreatus underwoodii,1950,1934,13,7665.82,5598.633,9991.406,25.906,0.1199,Bosque Andino,3
Xeno-canto,XC525725,2,Brilliants,Ocreatus underwoodii,1950,1934,13,8010.352,3100.781,9130.078,49.123,0.1139,Bosque Andino,3
Xeno-canto,XC525725,3,Brilliants,Ocreatus underwoodii,1950,1934,13,3186.914,3186.914,9646.875,50.891,0.1588,Bosque Andino,3
Xeno-canto,XC616387,1,Brilliants,Ocreatus underwoodii,2600,1934,13,8182.617,6546.094,9819.141,1.22,0.0656,Bosque Andino,3
Xeno-canto,XC616387,2,Brilliants,Ocreatus underwoodii,2600,1934,13,8527.148,6546.094,10077.539,8.098,0.0564,Bosque Andino,3
Xeno-canto,XC616387,3,Brilliants,Ocreatus underwoodii,2600,1934,13,8957.812,6718.359,10077.539,9.359,0.0696,Bosque Andino,3
Xeno-canto,XC264483,1,Brilliants,Ocreatus underwoodii,1800,1934,13,4134.375,2928.516,8010.352,3.035,0.0353,Bosque Andino,3
Xeno-canto,XC264483,2,Brilliants,Ocreatus underwoodii,1800,1934,13,3703.711,3014.648,7407.422,10.572,0.0229,Bosque Andino,3
Xeno-canto,XC264483,3,Brilliants,Ocreatus underwoodii,1800,1934,13,4134.375,3014.648,8010.352,10.925,0.0322,Bosque Andino,3
Xeno-canto,XC237875,1,Brilliants,Ocreatus underwoodii,1900,1934,13,3962.109,3359.18,7407.422,6.212,0.0811,Bosque Andino,3
Xeno-canto,XC237875,2,Brilliants,Ocreatus underwoodii,1900,1934,13,4565.039,3445.312,4823.438,6.829,0.0521,Bosque Andino,3
Xeno-canto,XC529543,1,Brilliants,Ocreatus underwoodii,1750,1934,13,4220.508,2325.586,6546.094,2.62,0.0863,Bosque Andino,3
Xeno-canto,XC529543,2,Brilliants,Ocreatus underwoodii,1750,1934,13,4220.508,3531.445,7235.156,4.708,0.0884,Bosque Andino,3
Xeno-canto,XC529543,3,Brilliants,Ocreatus underwoodii,1750,1934,13,4220.508,3617.578,8613.281,7.73,0.1054,Bosque Andino,3
Xeno-canto,XC244799,1,Brilliants,Ocreatus underwoodii,1850,1934,13,3531.445,2670.117,5254.102,3.556,0.0423,Bosque Andino,3
Xeno-canto,XC244799,2,Brilliants,Ocreatus underwoodii,1850,1934,13,3617.578,2842.383,6976.758,9.266,0.0495,Bosque Andino,3
Xeno-canto,XC240009,1,Brilliants,Ocreatus underwoodii,2000,1934,13,7751.953,2842.383,11025,3.375,0.0813,Bosque Andino,3
Xeno-canto,XC240009,2,Brilliants,Ocreatus underwoodii,2000,1934,13,3703.711,2670.117,9560.742,13.024,0.0854,Bosque Andino,3
Xeno-canto,XC240009,3,Brilliants,Ocreatus underwoodii,2000,1934,13,3531.445,2670.117,10163.672,13.135,0.0772,Bosque Andino,3
Xeno-canto,XC130067,1,Brilliants,Ocreatus underwoodii,1800,1934,13,3531.445,2583.984,7924.219,52.805,0.053,Bosque Andino,3
Xeno-canto,XC130067,2,Brilliants,Ocreatus underwoodii,1800,1934,13,5167.969,4220.508,7579.688,57.665,0.0479,Bosque Andino,3
Xeno-canto,XC130067,3,Brilliants,Ocreatus underwoodii,1800,1934,13,3703.711,3617.578,7751.953,48.706,0.0419,Bosque Andino,3
Xeno-canto,XC387743,1,Brilliants,Urosticte benjamini,1400,1464,19,6287.695,2670.117,11714.062,3.214,0.0282,Bosque Andino,3.9
Xeno-canto,XC387743,2,Brilliants,Urosticte benjamini,1400,1464,19,9819.141,5340.234,11283.398,3.38,0.0316,Bosque Andino,3.9
Xeno-canto,XC387743,3,Brilliants,Urosticte benjamini,1400,1464,19,10077.539,5167.969,10766.602,3.551,0.0338,Bosque Andino,3.9
Xeno-canto,XC387293,1,Brilliants,Urosticte benjamini,1400,1464,19,9474.609,4392.773,11025,1.034,0.0374,Bosque Andino,3.9
Xeno-canto,XC387293,2,Brilliants,Urosticte benjamini,1400,1464,19,8613.281,4048.242,10594.336,1.155,0.0386,Bosque Andino,3.9
Xeno-canto,XC387293,3,Brilliants,Urosticte benjamini,1400,1464,19,3789.844,3617.578,10508.203,1.273,0.0318,Bosque Andino,3.9
Xeno-canto,XC364162,1,Brilliants,Urosticte benjamini,1400,1464,19,6546.094,3703.711,7838.086,1.383,0.0547,Bosque Andino,3.9
Xeno-canto,XC364162,2,Brilliants,Urosticte benjamini,1400,1464,19,3445.312,3445.312,8268.75,5.081,0.0593,Bosque Andino,3.9
Xeno-canto,XC364162,3,Brilliants,Urosticte benjamini,1400,1464,19,6546.094,3359.18,8010.352,8.192,0.0456,Bosque Andino,3.9
Xeno-canto,XC264474,1,Brilliants,Urosticte benjamini,1400,1464,19,6632.227,3789.844,8182.617,2.655,0.0594,Bosque Andino,3.9
Xeno-canto,XC264474,2,Brilliants,Urosticte benjamini,1400,1464,19,8096.484,3703.711,8268.75,7.329,0.06,Bosque Andino,3.9
Xeno-canto,XC264473,1,Brilliants,Urosticte benjamini,1400,1464,19,8182.617,5684.766,8182.617,1.677,0.0903,Bosque Andino,3.9
Xeno-canto,XC264473,2,Brilliants,Urosticte benjamini,1400,1464,19,6976.758,5167.969,7062.891,2.931,0.0834,Bosque Andino,3.9
Xeno-canto,XC264473,3,Brilliants,Urosticte benjamini,1400,1464,19,7149.023,4565.039,9130.078,12.34,0.0516,Bosque Andino,3.9
Xeno-canto,XC112278,1,Brilliants,Urosticte benjamini,1750,1464,19,6201.562,2756.25,9302.344,2.234,0.0314,Bosque Andino,3.9
Xeno-canto,XC112278,2,Brilliants,Urosticte benjamini,1750,1464,19,3273.047,2756.25,9388.477,2.372,0.0288,Bosque Andino,3.9
Xeno-canto,XC112278,3,Brilliants,Urosticte benjamini,1750,1464,19,6201.562,2842.383,9302.344,2.517,0.0305,Bosque Andino,3.9
Xeno-canto,XC86803,1,Brilliants,Urosticte benjamini,1750,1464,19,6000,2812.5,6937.5,4.003,0.0082,Bosque Andino,3.9
Xeno-canto,XC86803,2,Brilliants,Urosticte benjamini,1750,1464,19,6000,2531.25,6750,4.042,0.0115,Bosque Andino,3.9
Xeno-canto,XC86803,3,Brilliants,Urosticte benjamini,1750,1464,19,5812.5,2812.5,6937.5,5.05,0.0095,Bosque Andino,3.9
Xeno-canto,XC186845,1,Brilliants,Urosticte benjamini,1900,1464,19,6937.5,2437.5,10406.25,9.267,0.0469,Bosque Andino,3.9
Xeno-canto,XC186845,2,Brilliants,Urosticte benjamini,1900,1464,19,3656.25,2062.5,7875,9.646,0.0457,Bosque Andino,3.9
Xeno-canto,XC186845,3,Brilliants,Urosticte benjamini,1900,1464,19,8250,2531.25,8437.5,10.002,0.0516,Bosque Andino,3.9
Xeno-canto,XC163519,1,Brilliants,Urosticte benjamini,1400,1464,19,8699.414,4220.508,9043.945,4.037,0.0414,Bosque Andino,3.9
Xeno-canto,XC163519,2,Brilliants,Urosticte benjamini,1400,1464,19,7751.953,3703.711,8182.617,4.384,0.0439,Bosque Andino,3.9
Xeno-canto,XC163519,3,Brilliants,Urosticte benjamini,1400,1464,19,7751.953,4048.242,8354.883,4.562,0.0453,Bosque Andino,3.9
Xeno-canto,XC110233,1,Brilliants,Urosticte benjamini,1700,1464,19,6632.227,6029.297,6890.625,4.012,0.0415,Bosque Andino,3.9
Xeno-canto,XC110233,2,Brilliants,Urosticte benjamini,1700,1464,19,7149.023,5770.898,7321.289,8.061,0.0344,Bosque Andino,3.9
Xeno-canto,XC110233,3,Brilliants,Urosticte benjamini,1700,1464,19,6718.359,4048.242,8182.617,8.27,0.0405,Bosque Andino,3.9
Xeno-canto,XC518241,1,Coquettes,Aglaiocercus kingi,2800,2294,15,7062.891,4048.242,7751.953,8.227,0.0587,Bosque Andino,4.8
Xeno-canto,XC518241,2,Coquettes,Aglaiocercus kingi,2800,2294,15,3875.977,3445.312,7235.156,12.07,0.0645,Bosque Andino,4.8
Xeno-canto,XC518241,3,Coquettes,Aglaiocercus kingi,2800,2294,15,3962.109,3531.445,6976.758,14.409,0.0714,Bosque Andino,4.8
Xeno-canto,XC518240,1,Coquettes,Aglaiocercus kingi,2800,2294,15,6632.227,5684.766,6890.625,14.333,0.0509,Bosque Andino,4.8
Xeno-canto,XC518240,2,Coquettes,Aglaiocercus kingi,2800,2294,15,6804.492,5943.164,7149.023,14.612,0.0397,Bosque Andino,4.8
Xeno-canto,XC518240,3,Coquettes,Aglaiocercus kingi,2800,2294,15,7407.422,5943.164,8268.75,14.778,0.0556,Bosque Andino,4.8
Xeno-canto,XC128290,1,Coquettes,Aglaiocercus kingi,2900,2294,15,6890.625,4823.438,8096.484,1.417,0.1386,Bosque Andino,4.8
Xeno-canto,XC128290,2,Coquettes,Aglaiocercus kingi,2900,2294,15,6804.492,4995.703,8010.352,2.469,0.126,Bosque Andino,4.8
Xeno-canto,XC128290,3,Coquettes,Aglaiocercus kingi,2900,2294,15,6804.492,4823.438,7838.086,3.47,0.1386,Bosque Andino,4.8
Xeno-canto,XC117544,1,Coquettes,Aglaiocercus kingi,2150,2294,15,6632.227,6201.562,8354.883,1.712,0.0781,Bosque Andino,4.8
Xeno-canto,XC117544,2,Coquettes,Aglaiocercus kingi,2150,2294,15,6890.625,5857.031,8441.016,2.672,0.0893,Bosque Andino,4.8
Xeno-canto,XC117544,3,Coquettes,Aglaiocercus kingi,2150,2294,15,6890.625,6373.828,8268.75,3.363,0.0893,Bosque Andino,4.8
Xeno-canto,XC51195,1,Coquettes,Aglaiocercus kingi,2500,2294,15,4048.242,3789.844,6890.625,2.468,0.0883,Bosque Andino,4.8
Xeno-canto,XC51195,2,Coquettes,Aglaiocercus kingi,2500,2294,15,4134.375,3875.977,7235.156,11.293,0.0736,Bosque Andino,4.8
Xeno-canto,XC51195,3,Coquettes,Aglaiocercus kingi,2500,2294,15,4220.508,3789.844,7062.891,14.023,0.0778,Bosque Andino,4.8
Xeno-canto,XC551625,1,Coquettes,Aglaiocercus kingi,3200,2294,15,5254.102,2325.586,6890.625,0.251,0.0225,Bosque Andino,4.8
Xeno-canto,XC551625,2,Coquettes,Aglaiocercus kingi,3200,2294,15,4823.438,2497.852,7149.023,3.726,0.0262,Bosque Andino,4.8
Xeno-canto,XC551625,3,Coquettes,Aglaiocercus kingi,3200,2294,15,4823.438,2411.719,6287.695,4.513,0.0244,Bosque Andino,4.8
Xeno-canto,XC94058,1,Coquettes,Aglaiocercus kingi,2100,2294,15,6373.828,5684.766,7235.156,1.336,0.1354,Bosque Andino,4.8
Xeno-canto,XC94058,2,Coquettes,Aglaiocercus kingi,2100,2294,15,6373.828,5598.633,6976.758,4.373,0.1372,Bosque Andino,4.8
Xeno-canto,XC94058,3,Coquettes,Aglaiocercus kingi,2100,2294,15,6373.828,5598.633,7062.891,6.327,0.1432,Bosque Andino,4.8
Xeno-canto,XC23513,1,Coquettes,Aglaiocercus kingi,2100,2294,15,6750,4687.5,9656.25,5.748,0.0677,Bosque Andino,4.8
Xeno-canto,XC23513,2,Coquettes,Aglaiocercus kingi,2100,2294,15,6281.25,4968.75,9843.75,8.459,0.0677,Bosque Andino,4.8
Xeno-canto,XC23513,3,Coquettes,Aglaiocercus kingi,2100,2294,15,6937.5,5062.5,9843.75,10.66,0.0756,Bosque Andino,4.8
Macaulay Library,ML259058,1,Coquettes,Aglaiocercus kingi,2150,2294,15,6976.758,5943.164,8354.883,3.62,0.0865,Bosque Andino,4.8
Macaulay Library,ML259058,2,Coquettes,Aglaiocercus kingi,2150,2294,15,6890.625,6115.43,8354.883,4.451,0.0865,Bosque Andino,4.8
Macaulay Library,ML259058,3,Coquettes,Aglaiocercus kingi,2150,2294,15,6804.492,5857.031,8441.016,5.416,0.0781,Bosque Andino,4.8
Macaulay Library,ML250895,1,Coquettes,Aglaiocercus kingi,2800,2294,15,3617.578,3531.445,6890.625,35.122,0.0518,Bosque Andino,4.8
Macaulay Library,ML250895,2,Coquettes,Aglaiocercus kingi,2800,2294,15,4134.375,3100.781,6890.625,35.735,0.0617,Bosque Andino,4.8
Macaulay Library,ML250895,3,Coquettes,Aglaiocercus kingi,2800,2294,15,6459.961,3875.977,7062.891,37.231,0.0577,Bosque Andino,4.8
Macaulay Library,ML250864,1,Coquettes,Aglaiocercus kingi,2800,2294,15,6890.625,5684.766,7062.891,21.065,0.0404,Bosque Andino,4.8
Macaulay Library,ML250864,2,Coquettes,Aglaiocercus kingi,2800,2294,15,6804.492,5857.031,7149.023,21.355,0.0426,Bosque Andino,4.8
Macaulay Library,ML250864,3,Coquettes,Aglaiocercus kingi,2800,2294,15,7321.289,6201.562,9130.078,21.631,0.0516,Bosque Andino,4.8
Xeno-canto,XC399044,1,Coquettes,Chalcostigma herrani,4300,3544,12,4220.508,3962.109,7924.219,0.488,0.0262,Alta Montaña,5.8
Xeno-canto,XC399044,2,Coquettes,Chalcostigma herrani,4300,3544,12,3789.844,3100.781,11714.062,0.604,0.0279,Alta Montaña,5.8
Xeno-canto,XC399044,3,Coquettes,Chalcostigma herrani,4300,3544,12,4048.242,3186.914,11714.062,0.706,0.034,Alta Montaña,5.8
Xeno-canto,XC260528,1,Coquettes,Chalcostigma herrani,3300,3544,12,4823.438,3014.648,7493.555,1.858,0.0988,Alta Montaña,5.8
Xeno-canto,XC260528,2,Coquettes,Chalcostigma herrani,3300,3544,12,4306.641,3445.312,7751.953,2.712,0.0738,Alta Montaña,5.8
Xeno-canto,XC260528,3,Coquettes,Chalcostigma herrani,3300,3544,12,4909.57,3703.711,7235.156,4.031,0.0792,Alta Montaña,5.8
Xeno-canto,XC512784,1,Coquettes,Chalcostigma herrani,3100,3544,12,7031.25,6468.75,7218.75,1.077,0.0482,Alta Montaña,5.8
Xeno-canto,XC512784,2,Coquettes,Chalcostigma herrani,3100,3544,12,7125,6562.5,7218.75,1.163,0.0432,Alta Montaña,5.8
Xeno-canto,XC512784,3,Coquettes,Chalcostigma herrani,3100,3544,12,5812.5,4031.25,10406.25,1.969,0.0402,Alta Montaña,5.8
Xeno-canto,XC76287,1,Coquettes,Chalcostigma herrani,3100,3544,12,7493.555,6373.828,14987.109,1.426,0.0248,Alta Montaña,5.8
Xeno-canto,XC76287,2,Coquettes,Chalcostigma herrani,3100,3544,12,6976.758,5857.031,13695.117,2.703,0.0363,Alta Montaña,5.8
Xeno-canto,XC76287,3,Coquettes,Chalcostigma herrani,3100,3544,12,6976.758,5684.766,13953.516,2.81,0.0296,Alta Montaña,5.8
Xeno-canto,XC238120,1,Coquettes,Chalcostigma herrani,4000,3544,12,4565.039,4220.508,4737.305,1.598,0.0419,Alta Montaña,5.8
Xeno-canto,XC238120,2,Coquettes,Chalcostigma herrani,4000,3544,12,4392.773,3617.578,4565.039,1.783,0.0435,Alta Montaña,5.8
Xeno-canto,XC238120,3,Coquettes,Chalcostigma herrani,4000,3544,12,4478.906,4306.641,5167.969,2.666,0.046,Alta Montaña,5.8
Xeno-canto,XC130334,1,Coquettes,Chalcostigma herrani,3600,3544,12,8062.5,4593.75,8812.5,13.014,0.1072,Alta Montaña,5.8
Xeno-canto,XC130334,2,Coquettes,Chalcostigma herrani,3600,3544,12,5906.25,4125,8718.75,13.182,0.1095,Alta Montaña,5.8
Xeno-canto,XC130334,3,Coquettes,Chalcostigma herrani,3600,3544,12,5156.25,4218.75,9562.5,13.984,0.1117,Alta Montaña,5.8
Macaulay Library,ML415056811,1,Coquettes,Chalcostigma herrani,4300,3544,12,7149.023,4048.242,7751.953,2.21,0.0677,Alta Montaña,5.8
Macaulay Library,ML415056811,2,Coquettes,Chalcostigma herrani,4300,3544,12,6546.094,5770.898,7407.422,11.463,0.0409,Alta Montaña,5.8
Macaulay Library,ML415056811,3,Coquettes,Chalcostigma herrani,4300,3544,12,6718.359,3617.578,8527.148,12.292,0.0613,Alta Montaña,5.8
Macaulay Library,ML241944,1,Coquettes,Chalcostigma herrani,4000,3544,12,6375,3000,6562.5,1.443,0.156,Alta Montaña,5.8
Macaulay Library,ML241944,2,Coquettes,Chalcostigma herrani,4000,3544,12,5625,3187.5,6000,3.173,0.1542,Alta Montaña,5.8
Macaulay Library,ML20145851,1,Coquettes,Chalcostigma herrani,3100,3544,12,6976.758,5857.031,13522.852,1.753,0.1012,Alta Montaña,5.8
Macaulay Library,ML20145851,2,Coquettes,Chalcostigma herrani,3100,3544,12,5943.164,4823.438,12575.391,1.917,0.097,Alta Montaña,5.8
Macaulay Library,ML20145851,3,Coquettes,Chalcostigma herrani,3100,3544,12,5770.898,4909.57,11886.328,2.488,0.0677,Alta Montaña,5.8
Xeno-canto,XC257839,1,Coquettes,Heliangelus amethysticollis,2100,2554,16,6115.43,3359.18,8096.484,1.805,0.0177,Bosque Andino,5
Xeno-canto,XC257839,2,Coquettes,Heliangelus amethysticollis,2100,2554,16,5081.836,3617.578,8096.484,1.849,0.0158,Bosque Andino,5
Xeno-canto,XC257839,3,Coquettes,Heliangelus amethysticollis,2100,2554,16,5684.766,3531.445,7924.219,2.601,0.0155,Bosque Andino,5
Xeno-canto,XC250925,1,Coquettes,Heliangelus amethysticollis,2000,2554,16,6115.43,3186.914,8354.883,2.468,0.1004,Bosque Andino,5
Xeno-canto,XC250925,2,Coquettes,Heliangelus amethysticollis,2000,2554,16,5598.633,2842.383,8957.812,9.548,0.0896,Bosque Andino,5
Xeno-canto,XC250925,3,Coquettes,Heliangelus amethysticollis,2000,2554,16,5598.633,3531.445,8182.617,13.375,0.0872,Bosque Andino,5
Xeno-canto,XC250923,1,Coquettes,Heliangelus amethysticollis,2150,2554,16,6632.227,2842.383,7149.023,1.907,0.0153,Bosque Andino,5
Xeno-canto,XC250923,2,Coquettes,Heliangelus amethysticollis,2150,2554,16,5857.031,4220.508,7579.688,1.946,0.0156,Bosque Andino,5
Xeno-canto,XC250923,3,Coquettes,Heliangelus amethysticollis,2150,2554,16,5598.633,3962.109,7579.688,1.964,0.0153,Bosque Andino,5
Xeno-canto,XC238356,1,Coquettes,Heliangelus amethysticollis,2450,2554,16,5598.633,2928.516,7838.086,2.881,0.0127,Bosque Andino,5
Xeno-canto,XC238356,2,Coquettes,Heliangelus amethysticollis,2450,2554,16,7062.891,3962.109,7149.023,4.046,0.0168,Bosque Andino,5
Xeno-canto,XC238356,3,Coquettes,Heliangelus amethysticollis,2450,2554,16,4651.172,4306.641,8527.148,3.505,0.012,Bosque Andino,5
Xeno-canto,XC223875,1,Coquettes,Heliangelus amethysticollis,2800,2554,16,8354.883,7149.023,9905.273,2.158,0.105,Bosque Andino,5
Xeno-canto,XC223875,2,Coquettes,Heliangelus amethysticollis,2800,2554,16,8268.75,6804.492,9733.008,2.944,0.126,Bosque Andino,5
Xeno-canto,XC223875,3,Coquettes,Heliangelus amethysticollis,2800,2554,16,8182.617,6632.227,9819.141,3.779,0.1302,Bosque Andino,5
Xeno-canto,XC182935,1,Coquettes,Heliangelus amethysticollis,2200,2554,16,5770.898,4306.641,9130.078,1.339,0.0797,Bosque Andino,5
Xeno-canto,XC182935,2,Coquettes,Heliangelus amethysticollis,2200,2554,16,5684.766,3273.047,8957.812,3.037,0.082,Bosque Andino,5
Xeno-canto,XC182935,3,Coquettes,Heliangelus amethysticollis,2200,2554,16,7924.219,4306.641,8527.148,10.92,0.0701,Bosque Andino,5
Xeno-canto,XC640345,1,Coquettes,Heliangelus amethysticollis,2600,2554,16,6373.828,5512.5,6976.758,6.702,0.1733,Bosque Andino,5
Xeno-canto,XC640345,2,Coquettes,Heliangelus amethysticollis,2600,2554,16,5684.766,5512.5,6890.625,8.27,0.165,Bosque Andino,5
Xeno-canto,XC640345,3,Coquettes,Heliangelus amethysticollis,2600,2554,16,5943.164,5512.5,6718.359,10.086,0.165,Bosque Andino,5
Xeno-canto,XC223877,1,Coquettes,Heliangelus amethysticollis,2400,2554,16,7000,4500,7000,13.749,0.0943,Bosque Andino,5
Xeno-canto,XC223877,2,Coquettes,Heliangelus amethysticollis,2400,2554,16,6937.5,4375,7125,14.043,0.0943,Bosque Andino,5
Xeno-canto,XC223877,3,Coquettes,Heliangelus amethysticollis,2400,2554,16,4500,4437.5,6875,14.224,0.0943,Bosque Andino,5
Xeno-canto,XC73616,1,Coquettes,Heliangelus amethysticollis,3100,2554,16,6546.094,3359.18,6890.625,0.76,0.0044,Bosque Andino,5
Xeno-canto,XC73616,2,Coquettes,Heliangelus amethysticollis,3100,2554,16,6632.227,4048.242,6976.758,1.423,0.0041,Bosque Andino,5
Xeno-canto,XC73616,3,Coquettes,Heliangelus amethysticollis,3100,2554,16,6201.562,3186.914,6632.227,1.457,0.0044,Bosque Andino,5
Xeno-canto,XC2939,1,Coquettes,Heliangelus amethysticollis,2000,2554,16,7493.555,5426.367,9991.406,0.345,0.0132,Bosque Andino,5
Xeno-canto,XC2939,2,Coquettes,Heliangelus amethysticollis,2000,2554,16,7235.156,5426.367,10680.469,3.152,0.0072,Bosque Andino,5
Xeno-canto,XC2939,3,Coquettes,Heliangelus amethysticollis,2000,2554,16,7579.688,5770.898,10077.539,3.174,0.0069,Bosque Andino,5
Xeno-canto,XC373181,1,Coquettes,Heliangelus exortis,2200,2669,15,5598.633,4220.508,9733.008,1.794,0.1631,Bosque Andino,4.6
Xeno-canto,XC373181,2,Coquettes,Heliangelus exortis,2200,2669,15,8699.414,4220.508,9905.273,2.897,0.2175,Bosque Andino,4.6
Xeno-canto,XC373181,3,Coquettes,Heliangelus exortis,2200,2669,15,5512.5,4306.641,8699.414,6.383,0.1554,Bosque Andino,4.6
Xeno-canto,XC137987,1,Coquettes,Heliangelus exortis,1600,2669,15,6718.359,5684.766,7149.023,4.872,0.2039,Bosque Andino,4.6
Xeno-canto,XC137987,2,Coquettes,Heliangelus exortis,1600,2669,15,7321.289,5943.164,7407.422,9.427,0.2595,Bosque Andino,4.6
Xeno-canto,XC137987,3,Coquettes,Heliangelus exortis,1600,2669,15,6718.359,5684.766,7235.156,12.31,0.1969,Bosque Andino,4.6
Xeno-canto,XC117488,1,Coquettes,Heliangelus exortis,3100,2669,15,4478.906,4048.242,7407.422,2.069,0.0758,Bosque Andino,4.6
Xeno-canto,XC117488,2,Coquettes,Heliangelus exortis,3100,2669,15,4478.906,4134.375,7579.688,3.345,0.0625,Bosque Andino,4.6
Xeno-canto,XC117488,3,Coquettes,Heliangelus exortis,3100,2669,15,4651.172,4306.641,7235.156,6.722,0.0669,Bosque Andino,4.6
Xeno-canto,XC302281,1,Coquettes,Heliangelus exortis,3400,2669,15,6093.75,4125,9750,2.98,0.0943,Bosque Andino,4.6
Xeno-canto,XC302281,2,Coquettes,Heliangelus exortis,3400,2669,15,5906.25,4125,10031.25,7.334,0.0839,Bosque Andino,4.6
Xeno-canto,XC302281,3,Coquettes,Heliangelus exortis,3400,2669,15,7875,3656.25,9375,13.543,0.0978,Bosque Andino,4.6
Xeno-canto,XC128246,1,Coquettes,Heliangelus exortis,2800,2669,15,5598.633,4565.039,8182.617,0.711,0.0948,Bosque Andino,4.6
Xeno-canto,XC128246,2,Coquettes,Heliangelus exortis,2800,2669,15,4995.703,4478.906,8527.148,3.035,0.1065,Bosque Andino,4.6
Xeno-canto,XC128246,3,Coquettes,Heliangelus exortis,2800,2669,15,5684.766,4134.375,8441.016,4.022,0.0937,Bosque Andino,4.6
Xeno-canto,XC119724,1,Coquettes,Heliangelus exortis,2600,2669,15,7407.422,7062.891,9043.945,11.693,0.0826,Bosque Andino,4.6
Xeno-canto,XC119724,2,Coquettes,Heliangelus exortis,2600,2669,15,7321.289,6890.625,7579.688,12.102,0.0802,Bosque Andino,4.6
Xeno-canto,XC119724,3,Coquettes,Heliangelus exortis,2600,2669,15,7407.422,6632.227,8354.883,12.372,0.0723,Bosque Andino,4.6
Xeno-canto,XC117907,1,Coquettes,Heliangelus exortis,2680,2669,15,8613.281,7149.023,10508.203,2.587,0.1357,Bosque Andino,4.6
Xeno-canto,XC117907,2,Coquettes,Heliangelus exortis,2680,2669,15,8699.414,7062.891,10594.336,5.845,0.1259,Bosque Andino,4.6
Xeno-canto,XC117907,3,Coquettes,Heliangelus exortis,2680,2669,15,9388.477,7235.156,10766.602,8.832,0.1185,Bosque Andino,4.6
Xeno-canto,XC56436,1,Coquettes,Heliangelus exortis,2300,2669,15,6718.359,3703.711,9388.477,4.681,0.1217,Bosque Andino,4.6
Xeno-canto,XC56436,2,Coquettes,Heliangelus exortis,2300,2669,15,3531.445,2583.984,8871.68,7.043,0.1345,Bosque Andino,4.6
Xeno-canto,XC56436,3,Coquettes,Heliangelus exortis,2300,2669,15,7062.891,3789.844,9646.875,10.405,0.1077,Bosque Andino,4.6
Xeno-canto,XC56391,1,Coquettes,Heliangelus exortis,2300,2669,15,6632.227,3875.977,8785.547,4.215,0.1013,Bosque Andino,4.6
Xeno-canto,XC56391,2,Coquettes,Heliangelus exortis,2300,2669,15,8699.414,3531.445,8699.414,6.366,0.0834,Bosque Andino,4.6
Xeno-canto,XC56391,3,Coquettes,Heliangelus exortis,2300,2669,15,6546.094,3014.648,8268.75,8.408,0.1327,Bosque Andino,4.6
Xeno-canto,XC117487,1,Coquettes,Heliangelus exortis,3100,2669,15,4220.508,2067.188,6804.492,16.271,0.2352,Bosque Andino,4.6
Xeno-canto,XC117487,2,Coquettes,Heliangelus exortis,3100,2669,15,4995.703,2583.984,7665.82,18.802,0.2037,Bosque Andino,4.6
Xeno-canto,XC117487,3,Coquettes,Heliangelus exortis,3100,2669,15,4823.438,2583.984,7407.422,20.416,0.1881,Bosque Andino,4.6
Xeno-canto,XC357426,1,Coquettes,Lesbia nuna,3000,2758,10,5512.5,4478.906,7407.422,3.36,0.0717,Alta Montaña,3.7
Xeno-canto,XC357426,2,Coquettes,Lesbia nuna,3000,2758,10,5512.5,3962.109,7493.555,3.49,0.0781,Alta Montaña,3.7
Xeno-canto,XC357426,3,Coquettes,Lesbia nuna,3000,2758,10,5770.898,3875.977,8182.617,3.63,0.0801,Alta Montaña,3.7
Xeno-canto,XC260524,1,Coquettes,Lesbia nuna,3500,2758,10,7493.555,4823.438,10077.539,0.948,0.1213,Alta Montaña,3.7
Xeno-canto,XC260524,2,Coquettes,Lesbia nuna,3500,2758,10,5770.898,3789.844,9474.609,2.286,0.125,Alta Montaña,3.7
Xeno-canto,XC260524,3,Coquettes,Lesbia nuna,3500,2758,10,6976.758,4995.703,9302.344,3.369,0.1014,Alta Montaña,3.7
Xeno-canto,XC79764,1,Coquettes,Lesbia nuna,1800,2758,10,6373.828,5770.898,7838.086,4.192,0.0287,Alta Montaña,3.7
Xeno-canto,XC79764,2,Coquettes,Lesbia nuna,1800,2758,10,6459.961,5770.898,7665.82,4.263,0.0299,Alta Montaña,3.7
Xeno-canto,XC79764,3,Coquettes,Lesbia nuna,1800,2758,10,6373.828,5598.633,7321.289,4.334,0.0287,Alta Montaña,3.7
Macaulay Library,ML405744321,1,Coquettes,Lesbia nuna,3200,2758,10,3843.75,3000,7968.75,11.547,0.1038,Alta Montaña,3.7
Macaulay Library,ML405744321,2,Coquettes,Lesbia nuna,3200,2758,10,3750,2906.25,7968.75,11.697,0.0792,Alta Montaña,3.7
Macaulay Library,ML405744321,3,Coquettes,Lesbia nuna,3200,2758,10,3843.75,3000,6656.25,11.997,0.0617,Alta Montaña,3.7
Macaulay Library,ML405744141,1,Coquettes,Lesbia nuna,3200,2758,10,8812.5,4125,8906.25,0.499,0.0701,Alta Montaña,3.7
Macaulay Library,ML405744141,2,Coquettes,Lesbia nuna,3200,2758,10,6937.5,4593.75,9375,1.842,0.0774,Alta Montaña,3.7
Macaulay Library,ML405744141,3,Coquettes,Lesbia nuna,3200,2758,10,6750,4406.25,9187.5,6.627,0.0649,Alta Montaña,3.7
Macaulay Library,ML388111931,1,Coquettes,Lesbia nuna,3400,2758,10,5512.5,4392.773,7407.422,3.344,0.0544,Alta Montaña,3.7
Macaulay Library,ML388111931,2,Coquettes,Lesbia nuna,3400,2758,10,5512.5,3962.109,7579.688,3.473,0.0618,Alta Montaña,3.7
Macaulay Library,ML388111931,3,Coquettes,Lesbia nuna,3400,2758,10,5770.898,3789.844,8699.414,3.616,0.064,Alta Montaña,3.7
Macaulay Library,ML157621411,1,Coquettes,Lesbia nuna,3341,2758,10,3937.5,3656.25,10593.75,5.001,0.0078,Alta Montaña,3.7
Macaulay Library,ML157621411,2,Coquettes,Lesbia nuna,3341,2758,10,6187.5,3750,7500,5.086,0.0078,Alta Montaña,3.7
Macaulay Library,ML157621411,3,Coquettes,Lesbia nuna,3341,2758,10,5250,3937.5,8250,6.349,0.0095,Alta Montaña,3.7
Macaulay Library,ML155222761,1,Coquettes,Lesbia nuna,2420,2758,10,7031.25,5906.25,7125,0.818,0.0684,Alta Montaña,3.7
Macaulay Library,ML155222761,2,Coquettes,Lesbia nuna,2420,2758,10,6187.5,5156.25,12000,0.957,0.0733,Alta Montaña,3.7
Macaulay Library,ML155222761,3,Coquettes,Lesbia nuna,2420,2758,10,5625,4500,10968.75,1.096,0.0733,Alta Montaña,3.7
Macaulay Library,ML264151,1,Coquettes,Lesbia nuna,2640,2758,10,6029.297,5512.5,8096.484,13.059,0.0952,Alta Montaña,3.7
Macaulay Library,ML264151,2,Coquettes,Lesbia nuna,2640,2758,10,6201.562,5598.633,7924.219,14.014,0.1712,Alta Montaña,3.7
Macaulay Library,ML264151,3,Coquettes,Lesbia nuna,2640,2758,10,5426.367,5254.102,8182.617,14.533,0.233,Alta Montaña,3.7
Xeno-canto,XC11311,1,Coquettes,Lesbia victorie,2700,2796,14,6459.961,6115.43,6546.094,1.14,0.0988,Alta Montaña,5
Xeno-canto,XC11311,2,Coquettes,Lesbia victorie,2700,2796,14,6115.43,5943.164,6287.695,1.293,0.083,Alta Montaña,5
Xeno-canto,XC11311,3,Coquettes,Lesbia victorie,2700,2796,14,6115.43,5770.898,6201.562,1.427,0.0731,Alta Montaña,5
Xeno-canto,XC530778,1,Coquettes,Lesbia victorie,2800,2796,14,5426.367,5340.234,8010.352,6.973,0.1093,Alta Montaña,5
Xeno-canto,XC530778,2,Coquettes,Lesbia victorie,2800,2796,14,6718.359,4909.57,9819.141,7.097,0.0965,Alta Montaña,5
Xeno-canto,XC530778,3,Coquettes,Lesbia victorie,2800,2796,14,6718.359,4651.172,7751.953,7.199,0.0675,Alta Montaña,5
Xeno-canto,XC466775,1,Coquettes,Lesbia victorie,3100,2796,14,6656.25,6562.5,6937.5,7.755,0.1379,Alta Montaña,5
Xeno-canto,XC466775,2,Coquettes,Lesbia victorie,3100,2796,14,6468.75,6093.75,6562.5,7.965,0.125,Alta Montaña,5
Xeno-canto,XC466775,3,Coquettes,Lesbia victorie,3100,2796,14,6281.25,6000,6375,8.145,0.1029,Alta Montaña,5
Xeno-canto,XC345902,1,Coquettes,Lesbia victorie,3200,2796,14,6890.625,6718.359,6890.625,11.926,0.1713,Alta Montaña,5
Xeno-canto,XC345902,2,Coquettes,Lesbia victorie,3200,2796,14,6804.492,6632.227,6890.625,12.249,0.1854,Alta Montaña,5
Xeno-canto,XC345902,3,Coquettes,Lesbia victorie,3200,2796,14,6632.227,6459.961,6718.359,12.498,0.1562,Alta Montaña,5
Macaulay Library,ML309111581,1,Coquettes,Lesbia victorie,2420,2796,14,8718.75,6281.25,9000,0.573,0.0529,Alta Montaña,5
Macaulay Library,ML309111581,2,Coquettes,Lesbia victorie,2420,2796,14,9000,5343.75,9281.25,1.607,0.0735,Alta Montaña,5
Macaulay Library,ML309111581,3,Coquettes,Lesbia victorie,2420,2796,14,9281.25,6843.75,9656.25,3.092,0.0735,Alta Montaña,5
Macaulay Library,ML309111431,1,Coquettes,Lesbia victorie,2420,2796,14,7218.75,7125,7500,5.085,0.183,Alta Montaña,5
Macaulay Library,ML309111431,2,Coquettes,Lesbia victorie,2420,2796,14,7031.25,7031.25,7312.5,5.451,0.1597,Alta Montaña,5
Macaulay Library,ML309111431,3,Coquettes,Lesbia victorie,2420,2796,14,6937.5,6843.75,7593.75,5.767,0.1464,Alta Montaña,5
Macaulay Library,ML309111311,1,Coquettes,Lesbia victorie,2420,2796,14,6468.75,5906.25,8250,25.719,0.1481,Alta Montaña,5
Macaulay Library,ML309111311,2,Coquettes,Lesbia victorie,2420,2796,14,6375,6187.5,7968.75,31.092,0.1637,Alta Montaña,5
Macaulay Library,ML388111311,3,Coquettes,Lesbia victorie,2420,2796,14,6468.75,6187.5,7031.25,33.131,0.1663,Alta Montaña,5
Macaulay Library,ML388111931,1,Coquettes,Lesbia victorie,2420,2796,14,5512.5,4392.773,7407.422,3.34,0.0486,Alta Montaña,5
Macaulay Library,ML388111931,2,Coquettes,Lesbia victorie,2420,2796,14,5512.5,3617.578,8096.484,3.47,0.0525,Alta Montaña,5
Macaulay Library,ML388111931,3,Coquettes,Lesbia victorie,2420,2796,14,5770.898,3100.781,8613.281,3.619,0.0568,Alta Montaña,5
Macaulay Library,ML309110951,1,Coquettes,Lesbia victorie,2420,2796,14,7406.25,6843.75,8062.5,7.826,0.1388,Alta Montaña,5
Macaulay Library,ML309110951,2,Coquettes,Lesbia victorie,2420,2796,14,6562.5,6468.75,7593.75,8.248,0.1003,Alta Montaña,5
Macaulay Library,ML309110951,3,Coquettes,Lesbia victorie,2420,2796,14,6375,6187.5,7500,8.404,0.0745,Alta Montaña,5
Macaulay Library,ML307733011,1,Coquettes,Lesbia victorie,2420,2796,14,9468.75,4593.75,11718.75,4.022,0.0437,Alta Montaña,5
Macaulay Library,ML307733011,2,Coquettes,Lesbia victorie,2420,2796,14,9093.75,4500,12843.75,4.176,0.0661,Alta Montaña,5
Macaulay Library,ML307733011,3,Coquettes,Lesbia victorie,2420,2796,14,3937.5,4031.25,12937.5,4.374,0.0873,Alta Montaña,5
Xeno-canto,XC695033,1,Coquettes,Metallura tyrianthina,3200,2920,10,7407.422,4823.438,7838.086,4.818,0.086,Bosque Andino,3.8
Xeno-canto,XC695033,2,Coquettes,Metallura tyrianthina,3200,2920,10,7407.422,4909.57,7751.953,5.019,0.1097,Bosque Andino,3.8
Xeno-canto,XC695033,3,Coquettes,Metallura tyrianthina,3200,2920,10,5254.102,4392.773,8354.883,5.623,0.1104,Bosque Andino,3.8
Xeno-canto,XC693673,1,Coquettes,Metallura tyrianthina,3400,2920,10,7593.75,6375,8343.75,4.404,0.0726,Bosque Andino,3.8
Xeno-canto,XC693673,2,Coquettes,Metallura tyrianthina,3400,2920,10,7593.75,6281.25,7781.25,4.556,0.0909,Bosque Andino,3.8
Xeno-canto,XC693673,3,Coquettes,Metallura tyrianthina,3400,2920,10,7406.25,6000,7500,4.711,0.079,Bosque Andino,3.8
Xeno-canto,XC690214,1,Coquettes,Metallura tyrianthina,2000,2920,10,6287.695,5340.234,11972.461,3.197,0.0709,Bosque Andino,3.8
Xeno-canto,XC690214,2,Coquettes,Metallura tyrianthina,2000,2920,10,7493.555,6029.297,7579.688,3.339,0.0807,Bosque Andino,3.8
Xeno-canto,XC690214,3,Coquettes,Metallura tyrianthina,2000,2920,10,6373.828,5340.234,11972.461,3.49,0.1002,Bosque Andino,3.8
Xeno-canto,XC690211,1,Coquettes,Metallura tyrianthina,2000,2920,10,8096.484,6632.227,8268.75,2.65,0.1058,Bosque Andino,3.8
Xeno-canto,XC690211,2,Coquettes,Metallura tyrianthina,2000,2920,10,8096.484,6632.227,8268.75,7.88,0.0955,Bosque Andino,3.8
Xeno-canto,XC690211,3,Coquettes,Metallura tyrianthina,2000,2920,10,7407.422,6546.094,8010.352,7.997,0.0774,Bosque Andino,3.8
Xeno-canto,XC376453,1,Coquettes,Metallura tyrianthina,3400,2920,10,7321.289,5684.766,8441.016,3.458,0.0739,Bosque Andino,3.8
Xeno-canto,XC376453,2,Coquettes,Metallura tyrianthina,3400,2920,10,7321.289,6201.562,8613.281,3.807,0.0688,Bosque Andino,3.8
Xeno-canto,XC376453,3,Coquettes,Metallura tyrianthina,3400,2920,10,7321.289,6287.695,7407.422,4.106,0.0808,Bosque Andino,3.8
Xeno-canto,XC148365,1,Coquettes,Metallura tyrianthina,2900,2920,10,7062.891,6373.828,7321.289,185.75,0.1012,Bosque Andino,3.8
Xeno-canto,XC148365,2,Coquettes,Metallura tyrianthina,2900,2920,10,7751.953,6287.695,8010.352,185.93,0.1,Bosque Andino,3.8
Xeno-canto,XC148365,3,Coquettes,Metallura tyrianthina,2900,2920,10,6718.359,5684.766,6976.758,186.777,0.077,Bosque Andino,3.8
Xeno-canto,XC148358,1,Coquettes,Metallura tyrianthina,2900,2920,10,6373.828,6287.695,8613.281,16.203,0.158,Bosque Andino,3.8
Xeno-canto,XC148358,2,Coquettes,Metallura tyrianthina,2900,2920,10,6373.828,6373.828,9560.742,17.345,0.128,Bosque Andino,3.8
Xeno-canto,XC148358,3,Coquettes,Metallura tyrianthina,2900,2920,10,8010.352,7062.891,9130.078,20.301,0.147,Bosque Andino,3.8
Xeno-canto,XC148352,1,Coquettes,Metallura tyrianthina,2900,2920,10,4995.703,3875.977,8096.484,61.998,0.1352,Bosque Andino,3.8
Xeno-canto,XC148352,2,Coquettes,Metallura tyrianthina,2900,2920,10,5167.969,4048.242,8699.414,62.63,0.1215,Bosque Andino,3.8
Xeno-canto,XC148352,3,Coquettes,Metallura tyrianthina,2900,2920,10,8096.484,5512.5,8785.547,61.188,0.0959,Bosque Andino,3.8
Xeno-canto,XC148350,1,Coquettes,Metallura tyrianthina,2900,2920,10,8096.484,6115.43,8527.148,21.522,0.072,Bosque Andino,3.8
Xeno-canto,XC148350,2,Coquettes,Metallura tyrianthina,2900,2920,10,7321.289,5857.031,7751.953,22.152,0.0908,Bosque Andino,3.8
Xeno-canto,XC148350,3,Coquettes,Metallura tyrianthina,2900,2920,10,7235.156,5770.898,7407.422,22.793,0.0845,Bosque Andino,3.8
Xeno-canto,XC148129,1,Coquettes,Metallura tyrianthina,2800,2920,10,7838.086,6029.297,8441.016,2.677,0.1361,Bosque Andino,3.8
Xeno-canto,XC148129,2,Coquettes,Metallura tyrianthina,2800,2920,10,7493.555,6201.562,7751.953,3.291,0.1295,Bosque Andino,3.8
Xeno-canto,XC148129,3,Coquettes,Metallura tyrianthina,2800,2920,10,7665.82,6287.695,8613.281,4.996,0.1308,Bosque Andino,3.8
Xeno-canto,XC383422,1,Coquettes,Oxypogon guerinii,3800,3681,8,7062.891,6890.625,7149.023,1.988,0.1601,Alta Montaña,4.8
Xeno-canto,XC383422,2,Coquettes,Oxypogon guerinii,3800,3681,8,6976.758,6890.625,7149.023,6.057,0.1668,Alta Montaña,4.8
Xeno-canto,XC383422,3,Coquettes,Oxypogon guerinii,3800,3681,8,6976.758,6890.625,7149.023,11.157,0.1563,Alta Montaña,4.8
Xeno-canto,XC693731,1,Coquettes,Oxypogon guerinii,3800,3681,8,4593.75,3468.75,4687.5,3.49,0.0492,Alta Montaña,4.8
Xeno-canto,XC693731,2,Coquettes,Oxypogon guerinii,3800,3681,8,4218.75,2437.5,4875,3.798,0.0573,Alta Montaña,4.8
Xeno-canto,XC693731,3,Coquettes,Oxypogon guerinii,3800,3681,8,4500,2437.5,4687.5,3.93,0.0402,Alta Montaña,4.8
Xeno-canto,XC589019,1,Coquettes,Oxypogon guerinii,3700,3681,8,4392.773,3875.977,8527.148,4.646,0.0618,Alta Montaña,4.8
Xeno-canto,XC589019,2,Coquettes,Oxypogon guerinii,3700,3681,8,3789.844,3703.711,7579.688,4.881,0.0415,Alta Montaña,4.8
Xeno-canto,XC589019,3,Coquettes,Oxypogon guerinii,3700,3681,8,7235.156,3703.711,7665.82,5.115,0.0402,Alta Montaña,4.8
Xeno-canto,XC357428,1,Coquettes,Oxypogon guerinii,3400,3681,8,3875.977,2842.383,8010.352,17.431,0.0381,Alta Montaña,4.8
Xeno-canto,XC357428,2,Coquettes,Oxypogon guerinii,3400,3681,8,7321.289,2583.984,7493.555,17.649,0.0399,Alta Montaña,4.8
Xeno-canto,XC357428,3,Coquettes,Oxypogon guerinii,3400,3681,8,6890.625,2153.32,7062.891,17.885,0.0433,Alta Montaña,4.8
Xeno-canto,XC37006,1,Coquettes,Oxypogon guerinii,3200,3681,8,5081.836,4995.703,5943.164,1.835,0.2159,Alta Montaña,4.8
Xeno-canto,XC37006,2,Coquettes,Oxypogon guerinii,3200,3681,8,5081.836,4995.703,5943.164,5.557,0.1905,Alta Montaña,4.8
Xeno-canto,XC37006,3,Coquettes,Oxypogon guerinii,3200,3681,8,5081.836,4995.703,5943.164,12.052,0.2032,Alta Montaña,4.8
Xeno-canto,XC37005,1,Coquettes,Oxypogon guerinii,3200,3681,8,4995.703,4995.703,6029.297,4.396,0.2235,Alta Montaña,4.8
Xeno-canto,XC37005,2,Coquettes,Oxypogon guerinii,3200,3681,8,5081.836,5081.836,5943.164,10.115,0.2168,Alta Montaña,4.8
Xeno-canto,XC37005,3,Coquettes,Oxypogon guerinii,3200,3681,8,5081.836,4995.703,5943.164,14.505,0.2642,Alta Montaña,4.8
Macaulay Library,ML397777691,1,Coquettes,Oxypogon guerinii,3800,3681,8,4593.75,3468.75,4687.5,3.465,0.0458,Alta Montaña,4.8
Macaulay Library,ML397777691,2,Coquettes,Oxypogon guerinii,3800,3681,8,4312.5,2812.5,4593.75,3.624,0.0536,Alta Montaña,4.8
Macaulay Library,ML397777691,3,Coquettes,Oxypogon guerinii,3800,3681,8,4218.75,2625,4875,3.769,0.0489,Alta Montaña,4.8
Macaulay Library,ML388112031,1,Coquettes,Oxypogon guerinii,3400,3681,8,3703.711,1981.055,7579.688,17.533,0.0355,Alta Montaña,4.8
Macaulay Library,ML388112031,2,Coquettes,Oxypogon guerinii,3400,3681,8,3617.578,2583.984,7321.289,17.76,0.0331,Alta Montaña,4.8
Macaulay Library,ML388112031,3,Coquettes,Oxypogon guerinii,3400,3681,8,6546.094,2842.383,6890.625,18.003,0.0282,Alta Montaña,4.8
Macaulay Library,ML384062661,1,Coquettes,Oxypogon guerinii,3800,3681,8,4406.25,2156.25,6468.75,2.542,0.0408,Alta Montaña,4.8
Macaulay Library,ML384062661,2,Coquettes,Oxypogon guerinii,3800,3681,8,3281.25,1781.25,6750,2.633,0.0306,Alta Montaña,4.8
Macaulay Library,ML384062661,3,Coquettes,Oxypogon guerinii,3800,3681,8,2906.25,1687.5,6000,2.736,0.0408,Alta Montaña,4.8
Macaulay Library,ML284429391,1,Coquettes,Oxypogon guerinii,3800,3681,8,4392.773,3875.977,8613.281,4.643,0.0553,Alta Montaña,4.8
Macaulay Library,ML284429391,2,Coquettes,Oxypogon guerinii,3800,3681,8,3789.844,3703.711,7579.688,4.876,0.0415,Alta Montaña,4.8
Macaulay Library,ML284429391,3,Coquettes,Oxypogon guerinii,3800,3681,8,4478.906,3789.844,7579.688,5.61,0.0345,Alta Montaña,4.8
Macaulay Library,ML151323441,1,Coquettes,Oxypogon guerinii,3800,3681,8,4500,2250,8343.75,27.654,0.0142,Alta Montaña,4.8
Macaulay Library,ML151323441,2,Coquettes,Oxypogon guerinii,3800,3681,8,3375,2718.75,8718.75,28.045,0.0142,Alta Montaña,4.8
Macaulay Library,ML151323441,3,Coquettes,Oxypogon guerinii,3800,3681,8,4593.75,2625,8625,28.281,0.0152,Alta Montaña,4.8